0,1,2,3,4,5,6,7,8,9,10,11,12
IEC,Potential Impact,Mitigation Measures,,Monitoring Method,,,,,,Responsibility,,
,,,,Method of Collecting,,,Location and,,Implementation,,Supervision,
,,,,and Reporting Data,,,Frequency,,,,,
,,"• Cover haul vehicles carrying dusty materials moving outside the construction site.
• Fit machinery/vehicles with appropriate exhaust systems and emission control
devices.",,,,,,,,,,
"Noise and
Vibration
Management","• Noise may have an impact on
workers, patients, hospital staffs,
local residents etc.","• Appropriately site all noise generating activities to avoid noise pollution to
workers, patients, hospital staffs, local residents etc.
• Install temporary noise barriers by screen, tin, wood around generators to reduce
noise levels.
• Employ best available work practices on-site to minimize occupational noise levels.
Use ear plugs in noisy areas of the construction activities.
• Maintain all equipment in order to keep it in good working order in accordance with
manufactures maintenance procedures.","• Visual inspection &
consultation with
hospital staff,
doctors, patients
and their relatives",,,"On the worksite
Weekly
monitoring
during
construction
period",,,Contractor,,PIU and ES,
"Occupational
Health and
Safety (OHS)","• Construction works may pose
health and safety risks to
construction workers that may
cause severe injuries and deaths.
• Lack of first aid and health care
facilities in the immediate vicinity.
• Health risk of construction workers
due to COVID-19.","• Develop and implement an Occupational Health and Safety Plan to ensure
competent and consistent attention to worker health and safety throughout the
construction phase.
• Prepare the health and safety guidance for COVID-19 at work sites and get
approval from PMU, and strictly follow the guidance at worksite;
• Any worker showing symptoms of respiratory illness (fever, cold or cough) and has
potentially been exposed to COVID-19 should be immediately removed from the
site and tested for the virus at SSKMCH;
• Workers involved for any short renovation activities at isolation area for COVID-19
will have WHO certified PPE and subsequently dispose the PPE in designated
areas.
• Provide PPE to workers such as safety shoes, safety helmets, face masks, hand
gloves, protective clothing, goggles, full face eye shields, and ear plugs and monitor
to maintain them.
• Ensure hand washing and other sanitary stations are always supplied with clean
water, soap, and disinfectant;
• Provide safety measures as appropriate during works such first aid kits, restricted
access zones, warning signs, overhead protection against falling debris, lighting
system to protect community, hospital staff and patients against construction risks.
• Simple poster/signage in Bangla explaining entry procedures. Signage available in
hospitals to remind health personnel to wear masks if necessary and wash hands
before entering/leaving.
• Emergency preparedness and response procedures and equipment (warning
signs, fire extinguishers, fire exit etc.).
• Train all construction workers in OHS matters, and on the specific hazards of their
work and maintain a register of the person present during the training.
• Grievance Redress mechanism (GRM) developed to readdress complaints raised
by community, health staff, patients and their relatives.","• Visual inspection &
consultation with
hospital staff,
doctors, patients
and their relatives
• Record of accidents
• Obtain record of
training
• Provision of regular
temperature check,
using disinfectants
and also provision of
time-to-time hand
wash are required to
limit the COVID-19
pandemic.",,,"Contractor’ site
office and work
site during
construction",,,Contractor,,PIU and ES,
"Site
Reinstatement","• Damage due to debris, spoils,
excess construction materials.","• Remove all spoils wreckage, rubbish, or temporary structures from the construction
and camp sites;
• All affected structures rehabilitated.","• Visual inspection &
consultation with
local people",,,"At the end of
construction
period",,,Contractor,,PIU and ES,
