0,1,2,3,4,5,6,7,8,9,10,11
IEC,Potential Impact,Mitigation Measures,,Monitoring Method,,,,,Responsibility,,
,,,"Method of Collecting
and Reporting Data",,,Location,,Implementation,,Supervision,
,,,,,,and,,,,,
,,,,,,Frequency,,,,,
Drainage Congestion,"• Waterlogging due to
improper management of
drainage for
rainwater/liquid waste or
wastewater.","• Regularly inspect and maintain all drains to assess and alleviate any
drainage congestion problem.
• Stockpile materials away from drainage lines.
• Reconstruct internal road-side drains immediately if damaged by any
activities.","• Visual inspection &
consultation with BLPA
staff, visitors and local
people.",,"In the project
area during
construction
period",,,Contractor,,PIU and ES,
"Dust/Air Quality
Management","• Dust generation from
construction sites,
material stockpiles
specially earth material
stockpiles and access
roads are a nuisance in
the environment and can
be a health hazard.","• During pneumatic drilling/wall destruction dust shall be suppressed by
ongoing water spraying and/or installing dust screen enclosures at site.
• Water spraying the material stockpiles and access roads when and as
required basis to minimize the potential for environmental nuisance due to
dust. Increase the watering frequency during periods of high risk (especially
during the dry period and high winds).
• Cover haul vehicles carrying dusty materials moving outside the construction
site.
• Fit machinery/vehicles with appropriate exhaust systems and emission
control devices.","• Visual inspection &
consultation with BLPA
staff, and local people",,"On the
worksite
Weekly
monitoring
during
construction
period",,,Contractor,,PIU and ES,
"Noise and Vibration
Management","• Noise may have an
impact on workers,
patients, medical centre
staffs, local residents etc.","• Appropriately site all noise generating activities to avoid noise pollution
to workers, immigrants, BLPA and other officials and local residents etc.
• Install temporary noise barriers by screen, tin, wood around generators to
reduce noise levels.
• Employ best available work practices on-site to minimize occupational noise
levels. Use ear plugs in noisy areas of the construction activities.
• Maintain all equipment in order to keep it in good working order in accordance
with manufactures maintenance procedures.","• Visual inspection &
consultation with BLPA
staff, and local people",,"On the
worksite
Weekly
monitoring
during
construction
period",,,Contractor,,PIU and ES,
"Occupational Health
and Safety (OHS)","• Construction works may
pose health and safety
risks to construction
workers that may cause
severe injuries and
deaths.
• Lack of first aid and
health care facilities in
the immediate vicinity.
• Health risk of
construction workers due
to COVID-19.","• Prepare the health and safety guidance for COVID-19 at work sites and
get approval from PIU, and strictly follow the guidance at worksite;
• Develop and implement an Occupational Health and Safety Plan to ensure
competent and consistent attention to worker health and safety throughout
the construction phase.
• Any worker showing symptoms of respiratory illness (fever, cold or cough)
and has potentially been exposed to COVID-19 should be immediately
removed from the site and tested for the virus at nearest laboratory;
• Workers involved for any short renovation activities at isolation area for
COVID-19 will have WHO certified PPE and subsequently dispose the PPE
in designated areas.
• Provide PPE to workers such as safety shoes, safety helmets, face masks,
hand gloves, protective clothing, goggles, full face eye shields, and ear plugs
and monitor to maintain them.","• Visual inspection &
consultation with BLPA
staff, and local people
• Record of accidents
• Obtain record of training
• Provision of regular
temperature check,
using disinfectants and
provision of time-to-time
hand wash are required
to limit the COVID-19
pandemic.",,"Contractor’
site office
and work site
during
construction",,,Contractor,,PIU and ES,
