PatientID,FullName,DateOfBirth,Gender,NationalID,BedID
1,Amena Khatun,1979-01-01,Female,DEMO-NID-000001,1
2,Rahim Uddin,1980-02-02,Male,DEMO-NID-000002,2
3,Nasrin Akter,1981-03-03,Female,DEMO-NID-000003,3
4,Md. Hasan Ali,1982-04-04,Male,DEMO-NID-000004,4
5,Shamima Sultana,1983-05-05,Female,DEMO-NID-000005,5
6,Rafiq Islam,1984-06-06,Male,DEMO-NID-000006,6
7,Salma Begum,1985-07-07,Female,DEMO-NID-000007,7
8,Kamrul Hasan,1986-08-08,Male,DEMO-NID-000008,8
9,Farzana Yasmin,1987-09-09,Female,DEMO-NID-000009,9
10,Tanvir Ahmed,1988-10-10,Male,DEMO-NID-000010,10
11,Sadia Rahman,1989-11-11,Female,DEMO-NID-000011,11
12,Mahmudul Hasan,1990-12-12,Male,DEMO-NID-000012,12
13,Nusrat Jahan,1991-01-13,Female,DEMO-NID-000013,13
14,Jahidul Islam,1992-02-14,Male,DEMO-NID-000014,14
15,Mim Akter,1993-03-15,Female,DEMO-NID-000015,15
