0,1,2,3,4,5,6,7,8,9,10,11,12,13,14,15,16
তারিখঃ,,,,,,,,,,,,,,08-05-2023 ইং,,
ক্রঃ নং,রেৈারগি নাম,"হািপাতারলি নাম
পরিচালক/তত্ত্বােধায়রকি নাম ও জমাোইল নম্বি",জেড িংখ্যা,,,জৈরন্টরলটি,ৈরতকৃেত জিাগীি িংখ্যা,,,"গত ২৪ ঘন্টায়
ৈরত েজিাগীি
িংখ্যা","গত ২৪ ঘন্টায়
োড়প্রাপ্ত
জিাগীি িংখ্যা","অরক্সরেন
রিরলন্ডারিি িংখ্যা","হাইরলা
জনোল
কযারনালা","অরক্সরেন
কনরিনরট্রইটি","জিরাল অরক্সরেন
লাইন",মন্তব্য
,,,জেনারিল জেড,আইরিইউ জেড,এইচ রড ইউ জেড,,,,,,,,,,,
,,,,,,,জেনারিল জেড,আইরিইউ জেড,এইচ রডইউ জেড,,,,,,,
১,িংপুি,"িংপুি জডরডরকরটড করিানা হািপাতাল, িংপুি",৯০,৮,০,৮,০,০,০,০,০,৩৬,১৮,১২,আরে,
২,,"িংপুি জমরডরকল করলে হািপাতাল,িংপুি।",৭১,০,০,০,০,০,০,০,০,১২,১১,১,আরে,
৩,,"এম আব্দুি িরহম জমরডরকল করলে হািপাতাল,রদনােপুি।",১৭৩,১৬,১১,৮,০,০,০,০,০,৮৭২,১৬,১৮,আরে,
৪,,"রদনােপুি িদি হািপাতাল,রদনােপুি।",৭৫,০,০,০,০,০,০,০,০,১৮৪,৩,৫,আরে,
৫,,"আধুরনক িদি হািপাতাল, পঞ্চগড়",৪২,০,০,১,০,০,০,০,০,৪,৪,৬,নাই,
৬,,"২৫০ েয্যা রেরেষ্ট হািপাতাল,নীলফামািী",১০০,০,০,০,০,০,০,০,০,১৪৬,৫,৫,আরে,
৭,,"সিয়দপুি ১০০ েয্যা রেরেষ্ট হািপাতাল,সিয়দপুি,নীলফামািী",৩০,০,০,০,০,০,০,০,০,৩৬,২,৩,আরে,
৮,,"২৫০ েয্যা জেনারিল হািপাতাল , কুরড়গ্রাম",১০০,০,০,৪,০,০,০,০,০,১৮৯,০,২০,আরে,
৯,,"ঠাকুিগাও আধুরনক িদি হািপাতাল, ঠাকুিগাও",২০০,০,০,২,০,০,০,০,০,১০৭,৩,১৮,আরে,
১০,,"জেনারিল হািপাতাল, গাইোন্ধা",২০,০,০,২,০,০,০,০,০,১৫৫,০,১০,আরে,
১১,,লালমরনিহাট িদি হািপাতাল,৫০,০,০,৪,০,০,০,০,০,১৩০,৬,৪,আরে,
১২,,িংপুি করমউরনটি জমরডরকল করলে হািপাতাল,৬০,১২,০,২,০,০,০,০,০,১৫,৪,০,আরে,
১৩,,প্রাইম জমরডরকল করলে হািপাতাল,৩০,৮,০,১,০,০,০,০,০,২৭,২,০,আরে,
জমাট,,,১০৪১,৪৪,১১,৩২,০,০,০,০,০,১৯১৩,৭৪,১০২,১২ টি,
১,খুলনা,োরগিহাট িদি হািপাতাল,৬৭,৩,০,০,০,০,০,০,০,৭০,৬,২১,আরে,
২,,চুয়াডাঙ্গা িদি হািপাতাল(নতুন ৈেন),১৮৬,৬,৮,০,০,০,০,০,০,০,৮,৩,আরে,
৩,,"১) েক্ষযব্যরধ হািপাতাল, ২)২৫০ জেড জেনারিল হািপাতাল ,যরোি",১২৭,১১,২০,৮,০,০,০,০,০,২৫,১১,২৬,আরে,
৪,,রিনাইদহ িদি হািপাতাল,১০০,০,০,৩,০,০,০,০,০,০,১৫,২,আরে,
৫,,"১) খুলনা জমরডরকল করলে হািপাতাল ২)২৫০ জেড জেনারিল হািপাতাল,খুলনা ৩) েহীদ জেখ আবু নারিি হািপাতাল ৪)
গােী জমরডরকল করলে হািপাতাল",৪৭৯,৪৯,৩৭,৩২,০,০,০,০,০,০,৭৪,২৮,আরে,
৬,,"২৫০ জেড জেনারিল হািপাতাল,কুরষ্টয়া",১৯০,৪,৬,২,০,০,০,০,০,৪০,২০,৪২,আরে,
৭,,মাগুিা িদি হািপাতাল,১০০,০,০,০,০,০,০,০,০,২০,৬,১৭,আরে,
৮,,"২৫০ জেড জেনারিল হািপাতাল,জমরহিপুি",১০০,৫,০,৪,০,০,০,০,০,২০,৮,১৬,আরে,
৯,,১. নড়াইল িদি হািপাতাল ২. টিটিরি-১০০,১০০,০,০,০,০,০,০,০,০,২০,২,১০,আরে,
১০,,িাতক্ষীিা জমরডরকল করলে হািপাতাল,২৩৪,৮,৮,৮,০,০,০,০,০,৭০,৪১,১৫,আরে,
জমাট,,,১৬৮৩,৮৬,৭৯,৫৭,০,০,০,০,০,২৬৫,১৯১,১৮০,১০ টি,
১,েরিোল,"জেি-ই-োংলা জমরডরকল করলে হািপাতাল, েরিোল",২৭০,৩০,০,১১,০,০,০,০,০,৬৯৩,৭৭,১,আরে,
২,,"জেনারিল হািপাতাল, েরিোল",১০০,০,০,০,০,০,০,০,০,৮৯,২,৬,আরে,
৩,,পটুয়াখালী জমরডরকল করলে হািপাতাল,৮০,৫,০,০,০,০,০,০,০,২৫২,৪,১৩,আরে,
৪,,"২৫০ েয্যা জেনারিল হািপাতাল, জৈালা",১০০,৬,০,৫,০,০,০,০,০,১৮৩,৬,৭,আরে,
৫,,"জেলা হািপাতাল, রপরিােপুি",১০,০,০,২,০,০,০,০,০,১৩৩,৪,১০,আরে,
৬,,"জেলা িদি হািপাতাল, েিগুনা",৫০,০,০,২,০,০,০,০,০,২৩৫,১১,৪,আরে,
৭,,"িদি হািপাতাল, িালকাঠী",৪০,০,০,০,০,০,০,০,০,১৩৮,২,৮,প্রকৃয়াধীন,
জমাট,,,৬৫০,৪১,০,২০,০,০,০,০,০,১৭২৩,১০৬,৪৯,৬ টি,
১,রিরলট,রিরলট েহীদ োমসুরিন আহমদ হািপাতাল,৮৪,১৬,০,১২,০,০,০,০,০,১৮৬,৯,১০,আরে,
২,,"উপরেলা স্বাস্থ্য কমরেক্স দরক্ষণ সুিমা, রিরলট",৩১,০,০,০,০,০,০,০,০,৪০,০,১৬,নাই,
৩,,খারদমপাড়া ৩১ েয্যা রেরেষ্ট হািঃ রিরলট,৩১,০,০,০,০,০,০,০,০,৪৯,০,১০,নাই,
৪,,২৫০ েয্যা রেঃ জেলা িদি হািঃ সুনামগঞ্জ,১০০,০,০,২,০,০,০,০,০,১২৬,৫,২৫,আরে,
৫,,২৫০ েয্যা রেঃ জেলা িদি হািঃ হরেগঞ্জ,১০০,০,০,২,০,০,০,০,০,২৪২,২,৫,আরে,
৬,,২৫০ েয্যা রেঃ জেলা িদি হািঃ জমৌলৈীোোি,৬০,৬,০,২,০,০,০,০,০,৩৮৫,৬,৮,প্রকৃয়াধীন,
৭,,উপরেলা স্বাস্থ্য কমরেক্স িােনগি,৩০,০,০,০,০,০,০,০,০,১২৩,০,৩,নাই,
জমাট,,,৪৩৬,২২,০,১৮,০,০,০,০,০,১১৫১,২২,৭৭,৩ টি,
জমাট,,,১২৮৬০,১১৮৬,৬৯৫,১০১৪,২,১৬,৬,৮,৮,২৯৫৬৩,২০৪৮,২৪৭৭,১২০ টি,
,,,,,,,,,,,,,,,,
,*** হাইলাইটকৃত স্থ্ারন তথ্য আপরডট কিা হরয়রে।,,,,,ডা. মুহাম্মদ োরহদুল ইিলাম,,,,,,,,,,
,*** হাইলাইটকৃত স্থ্ারন জেনারিল জেরডি তুলনায় জেরে জিাগী ৈরত েআরে।,,,,,"রডরপএম ই-জহলথ, এমআইএি",,,,,,,,,,
,,,,,,"ইনচােে
জহলথ্ ইমারেন্সেী অপারিেন জিন্টাি ও কররাল রুম
স্বাস্থ্য অরধদপ্তি, মহাখালী, ঢাকা। হটলাইন: ০১৭৫৯-১১৪৪৮৮
জটরলরফান নং: ০২-২২২২৮৫৯৩৩, ০২-২২২২৯৭৩৫৩
ই-জমইল: controlroomdghs@yahoo.com",,,,,,,,,,
,,,,,,,,,,,,,,,,
