0,1,2,3,4,5,6,7,8,9,10
"SL
No",Description,"Estimated
Cost","IFT
Date","Opening
Date","NOA
Date","Contract
Sign
Date","Completion
Date","Contract
Price","Physical
Progress",Remark
4,"Bhomra, Satkhira.",91.02,,,,,,,0%,"Architectural plan and site
selection under process."
5,"Tamabil, Sylhet.",549.03,,,,,,,0%,"Digital survey report sent.
Architectural drawing approval
under process."
6,"Hili, Dinajpur",456.48,,,,,,,0%,"Digital survey report sent.
Architectural drawing approval
under process."
7,"Banglabandha, Panchagarh",450.00,,,,,,,0%,"Architectural plan and site
selection under process."
