member_path,uncompressed_bytes,compressed_bytes,crc32,is_directory
site/CodeSystem-bd-identifier-type.json,4477,1058,8c6ee584,0
site/tbl_bck03503.png,117,117,73b1a346,0
site/toc.html,71443,5764,fedd1fd9,0
site/StructureDefinition-bd-lab-report-mappings.html,115029,9864,2d99026b,0
site/ValueSet-bd-encounter-class-subset.xlsx,4689,3918,40ebb563,0
site/ValueSet-bd-medication-valueset.json,3454,1001,454b5198,0
site/CodeSystem-bd-dose-form.change.history.html,9627,2649,3d69f0fa,0
site/CodeSystem-bd-marital-status.json.html,22270,4132,6cb7b37b,0
site/StructureDefinition-bd-name-bn.sch,603,338,29de6933,0
site/StructureDefinition-bd-practitioner-definitions.html,109595,12141,2e11306d,0
site/StructureDefinition-bd-observation.xlsx,33793,30515,f10db5d2,0
site/CodeSystem-bd-dose-form.xlsx,5278,4499,a6bca978,0
site/StructureDefinition-nationality.ttl,52019,4957,d107d601,0
site/tbl_vjoin_end_slicer-closed.png,226,220,031d4a43,0
site/tbl_bck01101100.png,106,105,1de0e9a4,0
site/tbl_bck0505.png,107,107,b4e12a9a,0
site/StructureDefinition-bd-patient.ttl,600486,44321,f299cde3,0
site/StructureDefinition-bd-upazillas.profile.history.html,10229,2790,77a19268,0
site/CodeSystem-bd-vaccine-code.html,13440,3684,88e1022b,0
site/ValueSet-icd11-substances-valueset.xlsx,4948,4171,40fd5dea,0
site/CodeSystem-bd-country-list.json,74351,6538,f8de95e6,0
site/ValueSet-bd-immunization-reaction-valueset.ttl,5711,1297,1a5faae4,0
site/icon-change-remove.png,1943,1948,50fb048b,0
site/tbl_bck001001.png,107,107,2e368e2d,0
site/StructureDefinition-bd-lab-result-observation.html,1146523,81780,4d95eaa4,0
site/ValueSet-bd-immunization-reaction-valueset.json.html,18213,4085,dc78f9b2,0
site/Medication-BDMedicationExample.json.html,19662,3924,bc28fa88,0
site/StructureDefinition-bd-condition.profile.history.html,10252,2794,a944cf92,0
site/all-profiles.csv,874713,115232,27626ffa,0
site/tbl_bck02400.png,92,86,dd3ae4af,0
site/StructureDefinition-bd-location.profile.json.html,223074,17454,93e55f44,0
site/CodeSystem-bd-blood-groups.change.history.html,9636,2647,733b1f27,0
site/tbl_bck011011.png,106,105,1de0e9a4,0
site/CodeSystem-bd-immunization-reaction.json.html,25183,4450,d866e4cc,0
site/ValueSet-dgda-registered-drugs.xml,4358,1449,40c97390,0
site/icon-qi-observation.png,648,653,23792e2e,0
site/Practitioner-BDPractitionerExample.html,12234,3110,569b61c7,0
site/StructureDefinition-bd-medication-definitions.html,171184,17559,cde23fb1,0
site/ValueSet-bd-encounter-class-subset.json,8273,1759,d338a6d9,0
site/tbl_bck0400.png,92,86,dd3ae4af,0
site/CodeSystem-bd-religions.ttl.html,29305,4660,358ce82e,0
site/StructureDefinition-bd-encounter.profile.json.html,494958,32766,47c9dcda,0
site/ValueSet-bd-immunization-reaction-valueset.xlsx,4607,3824,cd053618,0
site/tbl_bck135100.png,123,124,1fabbcdb,0
site/tbl_bck1001001.png,108,108,ca4a6cef,0
site/StructureDefinition-bd-organization.xlsx,14955,13870,f98f7bc4,0
site/tbl_bck01100.png,100,98,c4fe894e,0
site/ValueSet-bd-immunization-reaction-valueset.html,20879,4536,3bb00c63,0
site/tbl_bck03300.png,104,104,1f7a6c31,0
site/StructureDefinition-nationality.csv,2847,1043,7f36ae5d,0
site/tbl_bck100.png,104,103,aa935954,0
site/Practitioner-BDPractitionerExample.ttl.html,18819,4114,f4dc73b1,0
site/CodeSystem-dgda-drug-registry.md,3695,1282,6d6d5b36,0
site/StructureDefinition-bd-upazillas.sch,603,338,29de6933,0
site/MedicationRequest-BDMedicationRequestExample.ttl.html,27051,4867,06a81898,0
site/ValueSet-bd-division-code-valueset.xlsx,4637,3856,4f02b718,0
site/tbl_bck150.png,112,112,5696a709,0
site/ValueSet-dgda-registered-drugs.ttl,6301,1706,bbc8a054,0
site/ValueSet-bd-immunization-route-valueset.ttl.html,21633,4405,51ba9268,0
site/canonicals.json,13209,1400,5a8e0f14,0
site/StructureDefinition-bd-lab-report.html,797429,59520,798707a5,0
site/package-combined.manifest.json,112,91,ff114969,0
site/StructureDefinition-bd-condition.profile.json.html,377748,27270,77c62707,0
site/tbl_bck11134.png,113,113,c3d4c3e6,0
site/CodeSystem-icd11-mms.json,3907,1392,6a586a06,0
site/StructureDefinition-icd11-cluster-expression-mappings.html,19958,4582,36ea3154,0
site/tbl_bck00101.png,101,99,ca2a6809,0
site/StructureDefinition-language.profile.ttl.html,167405,10581,1c61c7bd,0
site/CodeSystem-bd-occupations.html,26693,6365,4404bb6a,0
site/package.manifest.json,158,119,62b2da7e,0
site/ValueSet-bd-condition-icd11-diagnosis-valueset-testing.html,10716,2870,6478f772,0
site/StructureDefinition-bd-blood-group.html,87759,8724,47ae15f9,0
site/StructureDefinition-bd-location.xlsx,16100,14546,4f21829b,0
site/CodeSystem-bd-immunization-site.xml,6552,1245,a7c8225d,0
site/tbl_bck03410.png,111,111,4bc007cb,0
site/ValueSet-bd-country-list-valueset-testing.html,10480,2839,c9e44398,0
site/StructureDefinition-occupation-bd-testing.html,10864,2919,d9be8fea,0
site/StructureDefinition-bd-related-person-testing.html,10946,2935,adc7819e,0
site/examples.json.zip,7489,6863,b07bb814,0
site/icon-fhir-128.png,7907,7912,f2da2701,0
site/CodeSystem-bd-country-list.ttl.html,188289,14446,db178236,0
site/Medication-BDMedicationExample.xml.html,22189,3974,5bf2fc79,0
site/StructureDefinition-occupation-bd.profile.ttl.html,101153,8892,d356d367,0
site/ValueSet-bd-loinc-answer-lists-valueset.xml.html,20901,4493,073310dc,0
site/tbl_bck10010000.png,109,109,7ae685db,0
site/StructureDefinition-bd-condition.json,168994,18340,a2de7f7a,0
site/CodeSystem-bd-geocodes.ttl,746885,79852,6ade60e9,0
site/tbl_bck100100.png,109,109,7ae685db,0
site/tbl_spacer.png,157,144,adf2c4e1,0
site/ValueSet-bd-occupations-valueset.json.html,17875,4066,8a30f530,0
site/information.png,778,783,b6b4d6b1,0
site/tbl_bck0351240.png,121,121,b01f4c88,0
site/StructureDefinition-bd-encounter.csv,61853,9658,f535ae1e,0
site/tbl_bck101111.png,108,108,4b81e545,0
site/ValueSet-bd-municipalities-code-valueset.md,3455,1297,d585e6b1,0
site/tbl_bck10001.png,109,108,312dfec8,0
site/StructureDefinition-bd-condition.profile.ttl.html,505408,30390,4bbb4a03,0
site/CodeSystem-bd-marital-status.xml.html,26384,4261,a714df6a,0
site/usage-stats.json,8676,1407,b77254fc,0
site/tbl_bck00253.png,116,114,fa32d8aa,0
site/CodeSystem-bd-blood-groups.md,2835,958,09982304,0
site/StructureDefinition-bd-name-en.json,43397,4287,ea8d7979,0
site/StructureDefinition-bd-name-en-mappings.html,17902,3876,6513ac2b,0
site/StructureDefinition-icd11-cluster-expression.html,89233,9064,ab86bdbf,0
site/ValueSet-bd-encounter-class-subset.change.history.html,9688,2654,d416f9cd,0
site/tbl_bck0251252.png,111,112,44388b63,0
site/tbl_bck13.png,112,113,11c57d88,0
site/ValueSet-bd-municipalities-code-valueset.ttl,5822,1366,eb121a3f,0
site/tbl_bck141.png,109,109,4429ab49,0
site/ValueSet-bd-loinc-lab-panels-valueset.ttl,5381,1536,d6767066,0
site/CodeSystem-dgda-drug-registry.json,3510,1208,aec34186,0
site/ValueSet-icd11-substances-valueset.change.history.html,9683,2654,56347dcf,0
site/icon-fhir-720.png,16052,15627,134e136a,0
site/tbl_bck00001111.png,105,103,921b5c03,0
site/tbl_bck102524.png,112,110,2eb1a6fc,0
site/StructureDefinition-bd-condition.ttl,213124,20610,6d6f98d1,0
site/llms.txt,6108,1452,70849ea8,0
site/expansions.xml.zip,139529,134834,7de873d6,0
site/StructureDefinition-bd-lab-panel-observation-mappings.html,218049,13614,69b13dc8,0
site/tbl_bck0110100.png,104,103,a13273a3,0
site/tbl_bck15152.png,116,115,3f3aede8,0
site/tbl_bck011010.png,104,103,a13273a3,0
site/StructureDefinition-bd-location-examples.html,10326,2836,2bc0421b,0
site/ValueSet-bd-marital-status-valueset.change.history.html,9686,2653,e95afce5,0
site/icon-page.png,294,296,e563f91f,0
site/StructureDefinition-bd-name-en.profile.json.html,81836,8052,f8bb2edd,0
site/StructureDefinition-icd11-cluster-expression.ttl,61591,5807,a352e415,0
site/tbl_blank.png,170,158,901bb196,0
site/tbl_bck130.png,112,113,11c57d88,0
site/ValueSet-bd-loinc-answer-lists-valueset.ttl.html,21448,4692,68d4e6f5,0
site/tbl_vjoin_slice-closed.png,228,222,3942ab90,0
site/StructureDefinition-bd-name-en.html,74098,7228,92a49b83,0
site/target.png,972,977,df3c9855,0
site/StructureDefinition-bd-condition.html,518603,44999,529ed38f,0
site/CodeSystem-bd-vaccine-code.xlsx,5236,4449,2192141a,0
site/index.html,13715,3898,6a379cac,0
site/ValueSet-bd-upazilla-code-valueset.xlsx,4638,3861,96c0756b,0
site/tbl_bck0010010.png,107,107,2e368e2d,0
site/tbl_bck000010000.png,103,101,3e78c9ed,0
site/tbl_bck00001111111.png,106,106,5146e12d,0
site/icon-type-operation.png,817,786,655a00bb,0
site/StructureDefinition-bd-organization.profile.history.html,10392,2819,762c0cc5,0
site/tbl_bck1012.png,106,104,b79897e6,0
site/ValueSet-bd-upazilla-code-valueset.xml,3693,1102,59c45d96,0
site/tbl_bck1150.png,112,111,491b953c,0
site/CodeSystem-bd-vaccine-code.change.history.html,9633,2646,ab0f21fa,0
site/ValueSet-icd11-substances-valueset.xml,4421,1434,b5e58186,0
site/StructureDefinition-bd-upazillas.html,77544,7653,49c4c89c,0
site/icon-directory.gif,640,645,4e321b36,0
site/StructureDefinition-bd-encounter-testing.html,10994,2943,2979a57d,0
site/icon-q-attachment.png,484,489,9d89d62b,0
site/tbl_bck011000.png,100,98,c4fe894e,0
site/tbl_bck1250.png,111,110,dfb8e873,0
site/ValueSet-bd-loinc-lab-panels-valueset.md,3796,1461,cee80bbf,0
site/all-profiles.xlsx,186043,155561,a19ba1ba,0
site/ValueSet-bd-vaccine-valueset.xml,3433,1023,79b949b7,0
site/StructureDefinition-bd-blood-group-definitions.html,66459,7121,21b8f671,0
site/package.r4b.manifest.json,116,95,6ac4b539,0
site/StructureDefinition-bd-medication-mappings.html,76358,7987,803a203a,0
site/StructureDefinition-bd-medication-request.md,9879,2351,c018e4a0,0
site/StructureDefinition-bd-address-mappings.html,39187,5302,1bc53b5b,0
site/CodeSystem-bd-immunization-site.xlsx,4894,4113,b069bbdc,0
site/ai.zip,153751,143238,18a9af5e,0
site/StructureDefinition-icd11-cluster-expression-testing.html,10992,2942,cabe61a8,0
site/tbl_bck1010.png,109,109,4429ab49,0
site/StructureDefinition-bd-address.html,212003,18020,a25f5e67,0
site/StructureDefinition-bd-immunization.sch,1778,575,63d5e4f0,0
site/ValueSet-bd-language-valueset.json,3876,1175,68f0db1d,0
site/tbl_bck000011111100.png,106,105,ed0e7db9,0
site/tbl_bck1.png,104,103,aa935954,0
site/StructureDefinition-bd-lab-panel-observation.sch,1108,500,90a6d3ad,0
site/StructureDefinition-bd-encounter.profile.ttl.html,663822,38784,92ab6f4a,0
site/ValueSet-bd-marital-status-valueset.xlsx,4603,3825,b3febd8d,0
site/icon_fixed.gif,249,254,32e97ef3,0
site/StructureDefinition-bd-observation.profile.history.html,10268,2796,2b06b496,0
site/icon-q-text.png,153,147,0bfbb6bb,0
site/ValueSet-bd-vaccine-valueset.xlsx,4595,3815,fbbbb366,0
site/ValueSet-bd-condition-icd11-diagnosis-valueset.md,6993,2264,3f12e8f5,0
site/tbl_bck00001110110.png,108,108,e63282dc,0
site/package-combined.tgz,904074,896290,ba03e068,0
site/tbl_bck1011010.png,109,108,13ba47b9,0
site/StructureDefinition-bd-name-en-definitions.html,56502,6855,db8d86dc,0
site/CodeSystem-bd-country-list-testing.html,10418,2835,4b9f39b4,0
site/mustsupport.png,3007,3012,087323a2,0
site/StructureDefinition-bd-location.html,308671,29521,191a569c,0
site/tbl_vjoin_end_slice-open.png,252,247,d32dbf75,0
site/icon_primitive.png,148,141,dd16f613,0
site/StructureDefinition-bd-medication.csv,31576,6907,7a9933c0,0
site/ValueSet-bd-loinc-lab-panels-valueset.html,14090,4095,f35accf0,0
site/history.md,2185,644,bd85637a,0
site/tbl_bck11240.png,105,105,873e3fd4,0
site/StructureDefinition-bd-name-bn.xlsx,6828,5975,3ac35aaf,0
site/StructureDefinition-bd-related-person.xlsx,25405,21970,f42bdad9,0
site/tbl_bck125112.png,118,119,8330148b,0
site/StructureDefinition-bd-medication-examples.html,11083,2962,62e60b2f,0
site/StructureDefinition-bd-medication.xml,129830,13449,1e3d9059,0
site/spec2.html,28338,6241,c4457677,0
site/tbl_bck011110000.png,100,98,0ac6185e,0
site/tbl_bck101110.png,108,108,58db7c6f,0
site/StructureDefinition-bd-patient.html,1158896,74636,7581b339,0
site/CodeSystem-bd-blood-groups.ttl.html,28513,4608,02ecf2e5,0
site/icon_reuse.png,785,790,3e5240c4,0
site/ValueSet-bd-immunization-route-valueset.ttl,5636,1303,ef6d40de,0
site/ValueSet-bd-division-code-valueset-testing.html,10512,2839,862c9f45,0
site/Practitioner-BDPractitionerExample.json,3167,841,e1bf4a95,0
site/ValueSet-bd-city-corporation-code-valueset.ttl,5850,1373,25e4dd7f,0
site/tbl_bck110110.png,108,108,92b08212,0
site/tbl_bck140.png,104,103,aa935954,0
site/CodeSystem-bd-marital-status-testing.html,10461,2833,273df5c9,0
site/ValueSet-bd-condition-icd11-diagnosis-valueset.change.history.html,9751,2668,fc59f1bb,0
site/package.r4.tgz,474959,469647,7282bbf6,0
site/StructureDefinition-bd-observation.csv,99171,16317,e3e0ba0b,0
site/ValueSet-bd-loinc-lab-panels-valueset.xml,3797,1288,db27ebea,0
site/CodeSystem-bd-immunization-route.xlsx,4879,4092,bdfabb58,0
site/tbl_bck110.png,105,105,873e3fd4,0
site/ValueSet-bd-immunization-reaction-valueset.json,3673,1038,266ed96f,0
site/ValueSet-bd-country-list-valueset.xml.html,20261,4159,dcf3e67b,0
site/icon_bundle.png,631,636,b051a2af,0
site/tbl_bck124.png,104,103,aa935954,0
site/tbl_bck002524.png,103,102,6e03b1ef,0
site/icon-qi-readonly.png,3530,3535,aac5373c,0
site/icon-q-url.png,484,489,0904204d,0
site/ValueSet-bd-division-code-valueset.change.history.html,9677,2649,0d5d06bf,0
site/NamingSystem-icd11-mms-bd.change.history.html,9633,2648,2227fbf3,0
site/CodeSystem-icd11-mms.change.history.html,9602,2644,9d315b1a,0
site/CodeSystem-bd-immunization-route-testing.html,10541,2842,36c9a468,0
site/CodeSystem-bd-immunization-reaction.ttl,9628,1635,c9a5a605,0
site/StructureDefinition-nationality.html,77651,7631,196e7286,0
site/tbl_bck1240.png,104,103,aa935954,0
site/Patient-BDPatientExample.change.history.html,9639,2637,ad6b111d,0
site/StructureDefinition-occupation-bd.profile.xml.html,100547,8665,6ea02859,0
site/ValueSet-bd-encounter-status-subset-testing.html,10514,2842,27ba9872,0
site/icon_element.gif,232,237,7543b7c4,0
site/StructureDefinition-occupation-bd.html,77572,7586,4f78d2f0,0
site/ValueSet-bd-medication-valueset.html,20489,4420,ed829e9e,0
site/tbl_bck101100.png,109,109,25cc808f,0
site/CodeSystem-dgda-drug-registry.html,12181,3533,43a9062b,0
site/StructureDefinition-bd-practitioner.profile.json.html,175374,15704,94073208,0
site/StructureDefinition-bd-divisions.profile.ttl.html,101067,8864,0a030524,0
site/StructureDefinition-bd-address-testing.html,10841,2923,da137aa6,0
site/StructureDefinition-language.ttl,83435,6160,664bf90c,0
site/CodeSystem-dgda-drug-registry-testing.html,10484,2842,ec5a517b,0
site/ValueSet-bd-loinc-lab-results-valueset-testing.html,10469,2833,0bda0fb9,0
site/tbl_bck155.png,110,109,3a44b95f,0
site/tbl_bck01.png,101,99,7eaeb102,0
site/MedicationRequest-BDMedicationRequestExample.xml,6945,1399,1e366602,0
site/ValueSet-bd-immunization-site-valueset.xlsx,4610,3833,38f8f327,0
site/tbl_bck1410.png,109,109,4429ab49,0
site/CodeSystem-bd-immunization-site-testing.html,10530,2842,80e6efd8,0
site/tbl_bck0000000.png,92,86,dd3ae4af,0
site/ValueSet-bd-occupations-valueset.xml,3477,1022,425848c2,0
site/StructureDefinition-nationality-testing.html,10839,2919,52772f0f,0
site/StructureDefinition-bd-organization.xml,76376,10148,f8989c40,0
site/StructureDefinition-bd-location.profile.ttl.html,308311,19496,23544e5c,0
site/tbl_bck0331.png,113,113,1a0e1d90,0
site/StructureDefinition-bd-condition.xlsx,22783,20995,001fe67f,0
site/ValueSet-bd-division-code-valueset.html,21612,4427,e3c75d50,0
site/StructureDefinition-occupation-bd.json,45358,4467,ac743fde,0
site/icon_page_n_o.gif,1083,791,8c80840c,0
site/tbl_bck0000111110110.png,107,108,fcc78b04,0
site/StructureDefinition-language.xml,69465,5463,6d47015b,0
site/tbl_bck11001.png,111,112,25443edf,0
site/StructureDefinition-bd-condition-mappings.html,131357,11179,785395ff,0
site/icon-include.png,309,314,1a43cf47,0
site/ValueSet-bd-medication-dose-form.xlsx,5025,4252,711aa16f,0
site/StructureDefinition-bd-upazillas.profile.json.html,84997,8247,ab862164,0
site/ValueSet-bd-immunization-site-valueset.ttl,5612,1301,a43dd1ff,0
site/CodeSystem-bd-immunization-reaction.json,7410,1362,db7a194f,0
site/icon_vd_union.png,884,889,55a52b68,0
site/icon_group.png,545,550,c6357951,0
site/ValueSet-bd-medication-valueset.ttl,5464,1257,6139e0df,0
site/ValueSet-bd-blood-group-valueset.ttl,5473,1293,a05d9517,0
site/CodeSystem-bd-dose-form.ttl,12479,1942,50a8c215,0
site/StructureDefinition-bd-location.xml,90058,10474,625587b0,0
site/tbl_bck10010010.png,108,108,ca4a6cef,0
site/tbl_bck0350.png,114,112,c1716903,0
site/StructureDefinition-nationality.xml,45034,4496,151bf683,0
site/CodeSystem-icd11-mms.md,4748,1525,6affed26,0
site/ValueSet-bd-encounter-class-subset.md,3543,1323,3848415a,0
site/icon_extension.png,733,738,fe7e734f,0
site/NamingSystem-icd11-mms-bd.json.html,28157,4965,5b38c6c6,0
site/tbl_bck110000.png,105,105,873e3fd4,0
site/icon-q-choice.png,187,178,ef2a79c8,0
site/Practitioner-BDPractitionerExample.md,2017,688,76797245,0
site/ValueSet-bd-immunization-site-valueset.json,3586,1044,b8de3d5f,0
site/StructureDefinition-bd-upazillas.xlsx,6855,6058,f3249f84,0
site/tbl_bck01110.png,105,105,e2f808b6,0
site/ValueSet-bd-upazilla-code-valueset.md,3309,1254,f98d2549,0
site/icon_vd_foreach.png,924,929,ac98277a,0
site/tbl_bck12511.png,117,117,fe98bcfa,0
site/StructureDefinition-bd-lab-result-observation.csv,98702,16375,f1f9b777,0
site/CodeSystem-bd-occupations.ttl,65888,6199,df0cf500,0
site/StructureDefinition-bd-patient.profile.xml.html,1387754,62714,c64eeaf0,0
site/Medication-BDMedicationExample.json,4666,927,c731324b,0
site/StructureDefinition-bd-lab-report-testing.html,10889,2930,79f20692,0
site/ValueSet-bd-condition-icd11-diagnosis-valueset.ttl,6617,2021,09db662b,0
site/tbl_bck1000.png,104,103,aa935954,0
site/tbl_bck03513.png,118,118,7b819241,0
site/StructureDefinition-bd-divisions.json,45297,4457,4ae7006b,0
site/tbl_bck0110111.png,110,111,cf804af3,0
site/tbl_bck11110.png,107,106,6cc09038,0
site/background.md,1325,698,44bbc7cf,0
site/StructureDefinition-nationality-mappings.html,17945,3881,21db079d,0
site/tbl_bck11253.png,124,125,722dd913,0
site/tbl_bck03512.png,121,121,b01f4c88,0
site/CodeSystem-bd-vaccine-code.ttl.html,35475,5156,5e9afd68,0
site/StructureDefinition-nationality.profile.xml.html,100806,8679,15bc504a,0
site/ValueSet-bd-religions-valueset.ttl.html,21325,4391,3fe18adf,0
site/StructureDefinition-bd-practitioner-mappings.html,61610,6791,ab9cf5b6,0
site/StructureDefinition-bd-medication.ttl,153773,15040,d696b695,0
site/StructureDefinition-language.profile.json.html,133601,9667,695246ad,0
site/CodeSystem-bd-blood-groups.xml,6209,1158,ae368093,0
site/Practitioner-BDPractitionerExample.xml.html,18657,3922,61d03e7d,0
site/icon-q-coding.png,203,197,39b2a7cd,0
site/tbl_bck0410.png,104,103,6026ae7e,0
site/ValueSet-bd-encounter-class-subset.html,19362,4753,39fa6841,0
site/ValueSet-bd-identifier-type-valueset.xlsx,4585,3805,10682033,0
site/ValueSet-bd-medication-valueset-testing.html,10494,2835,cbfa75b5,0
site/StructureDefinition-nationality.profile.history.html,10224,2787,447d1e76,0
site/tbl_bck1515.png,116,115,3f3aede8,0
site/tbl_bck1540.png,112,112,5696a709,0
site/CodeSystem-bd-occupations.xml.html,140424,11562,8069d371,0
site/ValueSet-bd-upazilla-code-valueset.json,3665,1100,f72bf5c0,0
site/tbl_bck0000111110.png,105,104,b8ae4b41,0
site/StructureDefinition-nationality.sch,603,338,29de6933,0
site/StructureDefinition-bd-blood-group.json,56879,4916,5ba87475,0
site/ValueSet-bd-blood-group-valueset.html,21836,4360,a3458a5c,0
site/StructureDefinition-bd-location-definitions.html,149140,14061,e5b3827a,0
site/StructureDefinition-bd-address.xlsx,10426,9536,26564609,0
site/tbl_bck10110010.png,113,113,2e21e30d,0
site/StructureDefinition-bd-encounter-definitions.html,316456,23744,ec94c992,0
site/fhir.css,16587,3171,0b99b627,0
site/StructureDefinition-bd-condition.csv,49633,10466,f8b06d8a,0
site/StructureDefinition-bd-observation.md,12202,2679,f6099048,0
site/StructureDefinition-bd-organization.json,73773,10121,69e502d8,0
site/CodeSystem-bd-blood-groups.html,12478,3341,b8a11353,0
site/tbl_bck1111.png,107,106,6cc09038,0
site/ValueSet-bd-loinc-answer-lists-valueset.ttl,5509,1583,d33619d4,0
site/ValueSet-bd-immunization-reaction-valueset.change.history.html,9734,2659,ee26415c,0
site/StructureDefinition-bd-lab-result-observation-examples.html,10429,2853,9ceb5215,0
site/StructureDefinition-bd-lab-panel-observation.xlsx,33960,30608,75b8f6e1,0
site/Practitioner-BDPractitionerExample.json.html,17008,3876,06441147,0
site/definitions.xml.zip,552647,540079,c715fd90,0
site/StructureDefinition-bd-patient.profile.ttl.html,1310731,62764,016794ae,0
site/CodeSystem-bd-occupations.xml,62179,5845,99349124,0
site/StructureDefinition-bd-name-bn.xml,42885,4303,864f26e1,0
site/Encounter-BDEncounterExample.md,3750,937,4b4b0aac,0
site/icon_text.png,567,572,48e8ceb4,0
site/ValueSet-bd-encounter-status-subset.ttl.html,27441,4839,c194da99,0
site/tbl_bck000011101.png,108,108,7b301230,0
site/codesystem-list.csv,4215,1463,a4245f39,0
site/CodeSystem-bd-marital-status.ttl.html,26790,4471,794fd3bd,0
site/ValueSet-bd-district-code-valueset.change.history.html,9677,2650,179c79a1,0
site/StructureDefinition-bd-name-bn.html,74086,7232,2c2fc223,0
site/icon_page_n_i.gif,1082,780,3aeb334f,0
site/ValueSet-bd-district-code-valueset.json.html,18483,4147,7c66eae6,0
site/ValueSet-bd-immunization-route-valueset-testing.html,10585,2849,41a77edb,0
site/ValueSet-bd-religions-valueset.xlsx,4595,3816,839387b5,0
site/StructureDefinition-bd-lab-report-examples.html,10346,2842,0b0fa4f2,0
site/tbl_vjoin_end_slicer-open.png,244,239,133f81db,0
site/CodeSystem-bd-immunization-route.ttl.html,28335,4674,9810913a,0
site/tbl_bck01111010.png,106,106,c0dc5d2c,0
site/CodeSystem-bd-religions.md,2852,999,e371543f,0
site/StructureDefinition-bd-encounter.profile.xml.html,704654,38430,ba16fc2b,0
site/tbl_bck11010.png,108,108,cb3e2661,0
site/tbl_bck1500.png,112,112,5696a709,0
site/tbl_bck02501.png,110,110,f9201932,0
site/tbl_bck125110.png,117,117,fe98bcfa,0
site/CodeSystem-bd-occupations.change.history.html,9632,2644,a4a03fe5,0
site/CodeSystem-bd-blood-groups.ttl,8281,1422,b63c8ff0,0
site/ValueSet-bd-medication-dose-form.xml,4284,1488,7cd8eb6c,0
site/ValueSet-bd-medication-dose-form.json,4198,1481,813a126a,0
site/tbl_bck11000.png,105,105,873e3fd4,0
site/StructureDefinition-bd-lab-report.profile.ttl.html,687966,42488,4e04de95,0
site/StructureDefinition-bd-address-definitions.html,89176,9129,7821cc4a,0
site/ValueSet-icd11-substances-valueset-testing.html,10509,2845,949f5b8a,0
site/CodeSystem-bd-blood-groups.xml.html,28619,4406,47c8efb5,0
site/tbl_bck100010.png,109,108,312dfec8,0
site/tbl_bck125.png,111,110,dfb8e873,0
site/ValueSet-bd-medication-dose-form.change.history.html,9676,2653,64f61ef0,0
site/CodeSystem-bd-blood-groups.json.html,23718,4252,b1396b12,0
site/StructureDefinition-bd-upazillas.profile.xml.html,100443,8666,32de1a18,0
site/tbl_bck02503.png,114,112,280bf63f,0
site/StructureDefinition-nationality.profile.ttl.html,101386,8901,11fd71b1,0
site/ValueSet-bd-identifier-type-valueset.xml,3541,1011,81e77910,0
site/CodeSystem-bd-dose-form.ttl.html,35313,5118,e4e5255f,0
site/icon_page.gif,256,261,fe310cb5,0
site/StructureDefinition-icd11-cluster-expression.md,9253,2257,89e09f1c,0
site/CodeSystem-bd-geocodes.html,204040,24712,e2c621d3,0
site/tbl_bck1552.png,110,109,3a44b95f,0
site/ValueSet-bd-occupations-valueset-testing.html,10505,2837,d6e01475,0
site/tbl_bck1550.png,110,109,3a44b95f,0
site/StructureDefinition-occupation-bd-definitions.html,58347,7011,4a407480,0
site/CodeSystem-bd-marital-status.xml,5403,1065,cf197b98,0
site/tbl_bck035025.png,118,118,196a478b,0
site/ValueSet-icd11-substances-valueset.html,14330,4172,9e65c5b6,0
site/ValueSet-bd-vaccine-valueset.change.history.html,9645,2647,e9adfcf1,0
site/ValueSet-dgda-registered-drugs.xlsx,4970,4200,c1e6a3b8,0
site/tbl_bck000001.png,101,99,9a02eeeb,0
site/StructureDefinition-bd-encounter.html,640544,51090,4571d841,0
site/tbl_bck00001111110.png,106,105,ed0e7db9,0
site/tbl_bck11011.png,108,108,92b08212,0
site/history.html,13831,3326,66aa95b1,0
site/tbl_bck10011.png,112,112,6a0af47d,0
site/StructureDefinition-bd-related-person.profile.json.html,681702,40633,dfe0d0a6,0
site/icon-fhir-48.png,2266,2271,c88539cc,0
site/ValueSet-bd-loinc-lab-panels-valueset.json,3743,1281,e1ea932e,0
site/CodeSystem-bd-immunization-site.json,6474,1246,0a2a6ff2,0
site/StructureDefinition-bd-name-bn.profile.xml.html,96778,8429,067b5c34,0
site/StructureDefinition-bd-divisions.xlsx,6844,6038,0f21a191,0
site/StructureDefinition-language-mappings.html,24431,4131,57584f89,0
site/tbl_bck0000110.png,105,103,39ad7b9c,0
site/icon-warning.png,294,299,73482ce3,0
site/CodeSystem-bd-identifier-type.xlsx,4756,3977,34ce28e1,0
site/StructureDefinition-bd-lab-result-observation.xml,376897,35850,19853529,0
site/spec2.md,8985,3004,88a19f1f,0
site/MedicationRequest-BDMedicationRequestExample.xml.html,27204,4671,3a2fe026,0
site/StructureDefinition-bd-name-bn.ttl,49478,4729,0ae7da3f,0
site/ValueSet-bd-division-code-valueset.json,3667,1096,80850336,0
site/icon-clinical.png,36928,36703,95b82d12,0
site/tbl_bck120.png,104,103,aa935954,0
site/tbl_bck000011110010.png,108,109,f0d1a670,0
site/icon-q-decimal.png,523,528,78042827,0
site/ValueSet-bd-immunization-site-valueset.ttl.html,21582,4404,3f5dafa1,0
site/StructureDefinition-bd-name-en.xlsx,6829,5977,147ccf40,0
site/StructureDefinition-icd11-cluster-expression.csv,4517,1674,57c6df2a,0
site/tbl_vjoin_end-closed.png,243,238,bade73ba,0
site/StructureDefinition-occupation-bd-mappings.html,17943,3857,8f14236e,0
site/StructureDefinition-bd-blood-group.md,4396,1442,cea85a81,0
site/Organization-BDOrganizationExample.md,2068,701,9e449a80,0
site/ValueSet-bd-occupations-valueset.html,95765,9412,698bea3c,0
site/tbl_bck11100.png,104,102,151fd629,0
site/CodeSystem-bd-medication-code.xml.html,29211,4491,c24ea42d,0
site/CodeSystem-dgda-drug-registry.json.html,17892,4250,78dcc293,0
site/ValueSet-bd-religions-valueset.xml.html,20217,4172,19ae1728,0
site/ValueSet-bd-language-valueset.json.html,19136,4229,9f967d0e,0
site/StructureDefinition-bd-divisions.csv,2789,1013,fa0cc698,0
site/ValueSet-bd-identifier-type-valueset.json,3522,1016,8a1bfd81,0
site/StructureDefinition-icd11-cluster-expression.sch,847,444,4c401f7d,0
site/tbl_bck15.png,112,112,5696a709,0
site/examples.xml.zip,7519,6907,dceeabf0,0
site/ValueSet-dgda-registered-drugs.html,14376,4196,fb7bb943,0
site/StructureDefinition-bd-immunization.xlsx,22824,20059,38706892,0
site/StructureDefinition-bd-observation.xml,439539,37482,6cbfde3c,0
site/ValueSet-bd-loinc-lab-results-valueset.xlsx,4853,4076,fc4700b8,0
site/tbl_bck0110110.png,106,105,1de0e9a4,0
site/StructureDefinition-bd-condition.md,7372,2288,38fded2f,0
site/icon-resource.png,635,640,0049776d,0
site/CodeSystem-bd-geocodes.xml.html,1804030,91081,0522d4f6,0
site/ValueSet-bd-occupations-valueset.xlsx,4596,3816,2e0af84e,0
site/tbl_bck000011100.png,105,103,d59c46e7,0
site/ValueSet-bd-loinc-answer-lists-valueset.xlsx,4872,4097,cb37f5ff,0
site/icon-administration.png,49385,49298,a1be1361,0
site/Patient-BDPatientExample.xml.html,26443,4533,903267f2,0
site/ValueSet-bd-route-of-administration.json.html,18951,4398,22e78dbe,0
site/tbl_bck10.png,104,103,aa935954,0
site/icon-fhir-16.png,575,580,5af44d70,0
site/ValueSet-bd-condition-icd11-diagnosis-valueset.xlsx,4923,4255,8913e8b6,0
site/tbl_bck011111.png,102,101,4b72e796,0
site/StructureDefinition-bd-blood-group.profile.json.html,103548,8852,0f5bc193,0
site/icon-change-edit.png,1766,1771,5496db6b,0
site/ValueSet-bd-country-list-valueset.html,203066,10868,7241051c,0
site/ValueSet-bd-occupations-valueset.xml.html,20306,4182,ea3229d5,0
site/StructureDefinition-bd-medication.profile.ttl.html,339177,23611,3034a70f,0
site/expansions.json,3007144,129667,3cea8d3d,0
site/CodeSystem-bd-geocodes.xml,722659,79265,792cac1a,0
site/ValueSet-bd-loinc-lab-results-valueset.ttl.html,21380,4686,7a02cc38,0
site/ValueSet-bd-identifier-type-valueset.json.html,17960,4054,8a17d9eb,0
site/Encounter-BDEncounterExample.json.html,20075,4182,1ee14400,0
site/StructureDefinition-bd-related-person.csv,73371,9521,68048805,0
site/ValueSet-bd-upazilla-code-valueset.change.history.html,9677,2653,c4fd03b2,0
site/MedicationRequest-BDMedicationRequestExample.json.html,24006,4534,1bf9e57a,0
site/ValueSet-bd-marital-status-valueset.ttl,5537,1290,0b54df3c,0
site/StructureDefinition-bd-location.profile.xml.html,324120,19096,ee08f22d,0
site/tbl_bck03510.png,121,121,b01f4c88,0
site/tbl_bck10253.png,123,124,67cb2a03,0
site/Encounter-BDEncounterExample.ttl,6724,1354,2744b8c8,0
site/StructureDefinition-bd-name-bn.csv,2730,992,1dbe1a10,0
site/tbl_vjoin-open.png,283,284,64ed429f,0
site/ValueSet-bd-loinc-lab-results-valueset.json.html,18237,4350,c275ef2a,0
site/StructureDefinition-language-testing.html,10804,2916,e5e33fa0,0
site/StructureDefinition-bd-encounter.json,219247,16468,f841e901,0
site/icon-qi-security.bmp,824,256,22814216,0
site/icon-toc.png,734,739,dcf89c49,0
site/StructureDefinition-bd-divisions.sch,603,338,29de6933,0
site/icon_reference.png,237,230,0e163d1b,0
site/ValueSet-dgda-registered-drugs.md,4984,1668,ec1c6bfd,0
site/icon_datatype.gif,585,590,6a983e7f,0
site/ValueSet-bd-medication-dose-form-testing.html,10502,2843,6a1edca2,0
site/StructureDefinition-language.csv,6188,1479,92df7fc1,0
site/tbl_bck02513.png,118,118,e7cae88a,0
site/Patient-BDPatientExample.ttl.html,27279,4764,02f0a4a6,0
site/CodeSystem-bd-marital-status.change.history.html,9649,2649,791bc6c5,0
site/ValueSet-bd-religions-valueset.json.html,17809,4062,709c205e,0
site/tbl_vjoin-closed.png,270,268,e7a833d4,0
site/tbl_bck135112.png,125,126,85930d80,0
site/ValueSet-bd-country-list-valueset.json,3437,1014,b4654014,0
site/spec.md,6454,2594,8706aa8e,0
site/CodeSystem-icd11-mms.ttl.html,22008,4800,29e14c5b,0
site/tbl_bck0330.png,104,104,1f7a6c31,0
site/icon-q-boolean.png,269,250,f083c6ac,0
site/tbl_bck0001.png,104,103,afe08448,0
site/ValueSet-bd-occupations-valueset.json,3458,1026,a0439244,0
site/ValueSet-bd-municipalities-code-valueset.xml.html,21364,4285,274de546,0
site/StructureDefinition-bd-address.ttl,100724,7933,399e8da4,0
site/tbl_bck025010.png,110,110,f9201932,0
site/CodeSystem-bd-immunization-route.xml,6410,1230,d0b193e1,0
site/StructureDefinition-bd-divisions.ttl,51722,4908,a47c2a60,0
site/StructureDefinition-bd-medication.profile.json.html,261942,21134,01f11772,0
site/ValueSet-bd-immunization-route-valueset.md,3335,1234,f993705c,0
site/tbl_bck02500.png,106,106,b509173a,0
site/CodeSystem-bd-medication-code.md,3001,1033,6f7d8e2a,0
site/tbl_bck00001110000.png,105,103,d59c46e7,0
site/StructureDefinition-bd-blood-group.profile.xml.html,122457,9293,83ebacb4,0
site/tbl_bck00001111010.png,108,109,26923158,0
site/tbl_bck00001110010.png,107,107,c9b72f9e,0
site/StructureDefinition-bd-related-person.profile.xml.html,932615,43961,b87855fe,0
site/tbl_bck0510.png,110,109,5dd6f5c4,0
site/CodeSystem-bd-religions.ttl,8686,1502,1fed63ae,0
site/NamingSystem-icd11-mms-bd.ttl,13253,2128,ffb1b9cb,0
site/tbl_bck0250240.png,106,106,b509173a,0
site/ValueSet-bd-loinc-answer-lists-valueset-testing.html,10480,2836,fa9ae6eb,0
site/CodeSystem-bd-religions.xml.html,29238,4451,bf1ac234,0
site/artifacts.html,51064,10508,3bde7778,0
site/StructureDefinition-bd-blood-group.ttl,64115,5369,f38a3eba,0
site/tbl_bck000.png,92,86,dd3ae4af,0
site/StructureDefinition-bd-medication-request-mappings.html,190869,13865,830728f4,0
site/StructureDefinition-bd-patient.profile.history.html,10347,2815,489c91ad,0
site/CodeSystem-bd-dose-form-testing.html,10472,2839,2a1edcbf,0
site/tbl_bck1510.png,114,113,fd010836,0
site/StructureDefinition-bd-patient.csv,100548,14094,568cdb57,0
site/StructureDefinition-bd-address.profile.json.html,172929,11965,92e283b1,0
site/ValueSet-bd-blood-group-valueset.ttl.html,21412,4410,2d7736c5,0
site/tbl_bck1543.png,123,124,3baa12e4,0
site/ValueSet-bd-loinc-answer-lists-valueset.json.html,18302,4359,5c3f9c7e,0
site/CodeSystem-bd-occupations.json,61315,5832,f1409fa2,0
site/tbl_bck051.png,110,109,5dd6f5c4,0
site/tbl_bck00001110100.png,108,108,7b301230,0
site/tree-filter.png,755,760,33acada3,0
site/tbl_bck011001.png,108,107,a4906436,0
site/CodeSystem-bd-geocodes.xlsx,45747,30107,fd5262fe,0
site/StructureDefinition-bd-practitioner.ttl,93450,10672,6f8fe470,0
site/ValueSet-bd-immunization-site-valueset.change.history.html,9704,2657,1dce7474,0
site/ValueSet-bd-route-of-administration.json,4358,1348,50491a90,0
site/tbl_bck12510.png,114,113,0cc82845,0
site/StructureDefinition-language.md,4177,1347,5944aba6,0
site/ValueSet-bd-country-list-valueset.json.html,17830,4046,fab064e7,0
site/external.png,173,161,bb64dfaf,0
site/ValueSet-icd11-substances-valueset.ttl,6432,1692,86c50132,0
site/ValueSet-bd-municipalities-code-valueset.change.history.html,9712,2657,9292949a,0
site/StructureDefinition-bd-lab-result-observation.md,10322,2539,4bbd1bee,0
site/tbl_bck1050.png,111,110,dfb8e873,0
site/ValueSet-bd-immunization-reaction-valueset.md,3422,1253,4f9769c2,0
site/ValueSet-bd-language-valueset.ttl,5906,1435,c89d3c99,0
site/ValueSet-bd-encounter-class-subset-testing.html,10503,2846,37a83df7,0
site/tbl_bck01101.png,104,103,a13273a3,0
site/tbl_bck101.png,109,109,4429ab49,0
site/StructureDefinition-bd-upazillas-definitions.html,57744,6968,faf701dc,0
site/tbl_bck1252.png,111,110,dfb8e873,0
site/StructureDefinition-bd-lab-panel-observation.ttl,482108,38660,324ebf67,0
site/StructureDefinition-bd-practitioner.csv,23347,5698,9b1c1fea,0
site/tbl_vjoin_end_slicer.png,142,134,070d608a,0
site/StructureDefinition-language.profile.history.html,10200,2786,cfced5f2,0
site/Organization-BDOrganizationExample.html,12061,3077,b07a6284,0
site/StructureDefinition-bd-medication-request.sch,3380,758,66adf42f,0
site/StructureDefinition-bd-patient.xlsx,34964,30810,b5e808bf,0
site/StructureDefinition-bd-name-bn.profile.history.html,10214,2791,b197c4a8,0
site/tbl_bck000011111110.png,106,106,5146e12d,0
site/StructureDefinition-bd-lab-result-observation-testing.html,11044,2949,73164e51,0
site/ValueSet-bd-encounter-class-subset.xml.html,27813,4970,a58486f3,0
site/CodeSystem-bd-country-list.xml.html,218662,14176,fa65e594,0
site/tbl_bck0351252.png,122,121,84dc231d,0
site/icon-key.png,5404,2923,2fd78e7f,0
site/fragments.html,10326,2772,4fa7753c,0
site/Encounter-BDEncounterExample.xml,5388,1136,db255044,0
site/ValueSet-dgda-registered-drugs.json.html,18814,4491,fa836d87,0
site/ValueSet-icd11-substances-valueset.ttl.html,23125,4843,90c2f731,0
site/icon-fhir-24.png,923,928,fdb0f78e,0
site/icon_extension_complex.png,743,748,c4941ec0,0
site/ValueSet-bd-condition-icd11-diagnosis-valueset.xml,4804,1773,0c6860a0,0
site/icon-q-time.png,882,887,191b9fdc,0
site/tbl_bck0240.png,92,86,dd3ae4af,0
site/ValueSet-bd-district-code-valueset-testing.html,10512,2837,c68b26be,0
site/icon-documentation.png,25469,25089,625f33d9,0
site/StructureDefinition-bd-encounter.md,5641,1581,9ac7f3ca,0
site/CodeSystem-bd-immunization-reaction.change.history.html,9691,2653,3e7e9294,0
site/tbl_bck0250250.png,108,108,9bb741a2,0
site/icon_slice_item.png,565,570,6370d52f,0
site/CodeSystem-bd-immunization-reaction.xml,7500,1357,8e71ced1,0
site/ValueSet-bd-medication-valueset.md,3248,1215,bd4764fe,0
site/bd-core-architecture.png,355279,335464,c8a5308d,0
site/CodeSystem-bd-marital-status.xlsx,4757,3978,aec53a3e,0
site/tbl_bck0340.png,105,105,9251897c,0
site/CodeSystem-dgda-drug-registry.xlsx,4534,3860,f58b8fff,0
site/tbl_bck13511.png,125,126,85930d80,0
site/StructureDefinition-bd-name-bn-definitions.html,56494,6851,7bd2a608,0
site/tbl_bck1400.png,104,103,aa935954,0
site/definitions.ttl.zip,413086,402936,648d551f,0
site/tbl_bck000011111010.png,106,105,3ce5622e,0
site/ValueSet-bd-route-of-administration-testing.html,10535,2840,8d3ab8b7,0
site/StructureDefinition-bd-medication.json,127743,13316,63050350,0
site/StructureDefinition-occupation-bd.xlsx,6841,6037,53a2a4c7,0
site/ValueSet-bd-encounter-status-subset.xml.html,27106,4625,8584382c,0
site/icon-q-quantity.png,543,548,374a4048,0
site/StructureDefinition-language.xlsx,7863,7020,f71b2d34,0
site/CodeSystem-bd-identifier-type.xml,4522,1057,328f15a3,0
site/CodeSystem-dgda-drug-registry.ttl.html,21750,4620,dcfcc5e1,0
site/tbl_vjoin_slicer-closed.png,228,224,35736922,0
site/ValueSet-icd11-substances-valueset.xml.html,22165,4617,1821d200,0
site/tbl_bck10024.png,102,101,a64da7e7,0
site/package.db,5185536,553306,32ab3afc,0
site/ValueSet-bd-identifier-type-valueset.change.history.html,9700,2654,b21aab7b,0
site/StructureDefinition-bd-lab-panel-observation.json,403170,35631,d92944cc,0
site/tbl_bck0025.png,103,102,6e03b1ef,0
site/StructureDefinition-bd-divisions-testing.html,10824,2914,652bcc0b,0
site/icon-q-string.png,148,141,dd16f613,0
site/CodeSystem-bd-geocodes.json.html,1309981,87233,058604e4,0
site/tbl_bck025125.png,111,112,44388b63,0
site/ValueSet-bd-loinc-lab-results-valueset.html,14154,4123,553e46c1,0
site/ValueSet-bd-district-code-valueset.ttl,5723,1360,2f1f63c9,0
site/StructureDefinition-bd-organization-mappings.html,61221,6701,a020fc24,0
site/tbl_bck00001001.png,103,102,0426f857,0
site/tbl_bck103.png,111,110,fd6f4d4f,0
site/StructureDefinition-bd-practitioner.md,3875,1290,90577fe2,0
site/tbl_bck13512.png,123,124,1fabbcdb,0
site/CodeSystem-bd-marital-status.html,12214,3284,2347f0e8,0
site/StructureDefinition-bd-blood-group.profile.ttl.html,122282,9533,a8d999ef,0
site/ValueSet-bd-loinc-answer-lists-valueset.xml,3924,1335,6347ebf2,0
site/schematrons.zip,16732,11597,0f7927e1,0
site/StructureDefinition-nationality.profile.json.html,85314,8267,dfa51581,0
site/CodeSystem-bd-dose-form.html,13556,3736,85750f8e,0
site/CodeSystem-bd-immunization-route.json.html,23579,4313,40e3619f,0
site/ValueSet-bd-medication-valueset.ttl.html,21390,4368,fef0a436,0
site/NamingSystem-icd11-mms-bd.html,14749,3888,924bf41f,0
site/StructureDefinition-bd-lab-panel-observation.html,918074,70468,c9d064d5,0
site/StructureDefinition-occupation-bd.profile.json.html,85101,8254,11159df8,0
site/spec.html,19782,5526,5ceb3c3b,0
site/tbl_bck12500.png,111,110,dfb8e873,0
site/StructureDefinition-bd-observation.json,435063,37351,b7007752,0
site/tbl_bck10110000.png,109,109,25cc808f,0
site/tbl_bck03.png,105,105,9251897c,0
site/StructureDefinition-bd-condition.sch,2493,672,7440b1f9,0
site/StructureDefinition-language.json,69618,5459,aec82822,0
site/tbl_bck15150.png,116,115,3f3aede8,0
site/index.md,69926,9964,990900a0,0
site/ValueSet-bd-city-corporation-code-valueset-testing.html,10600,2848,c9057217,0
site/tbl_bck11111.png,105,105,52a5c207,0
site/ValueSet-bd-condition-icd11-diagnosis-valueset.xml.html,21522,4903,04a7f431,0
site/link.svg,880,437,f0f7e14b,0
site/alert.jpg,1041,802,008163c6,0
site/tbl_bck0010000.png,104,103,6026ae7e,0
site/ValueSet-bd-division-code-valueset.json.html,18483,4149,28eb4c22,0
site/Encounter-BDEncounterExample.json,5375,1133,a9cbf928,0
site/StructureDefinition-bd-name-en.sch,603,338,29de6933,0
site/tbl_bck1330.png,110,109,51905d01,0
site/ValueSet-bd-marital-status-valueset.json.html,17973,4074,bb958d3f,0
site/Organization-BDOrganizationExample.xml,3253,851,50447cf6,0
site/StructureDefinition-bd-address.profile.history.html,10231,2796,e765e8ae,0
site/fragments.md,416,275,b0cdb4a2,0
site/StructureDefinition-bd-address.profile.xml.html,225851,12897,dfb92efd,0
site/tbl_bck1125.png,114,115,2897b7b7,0
site/valueset-list.csv,10667,3164,e7275190,0
site/ValueSet-bd-loinc-lab-results-valueset.xml.html,20836,4490,9b3c9172,0
site/CodeSystem-bd-country-list.xlsx,9345,7962,242aceea,0
site/tbl_bck125100.png,114,113,0cc82845,0
site/tbl_bck0250.png,106,106,b509173a,0
site/ValueSet-bd-country-list-valueset.change.history.html,9674,2651,6ef9502e,0
site/MedicationRequest-BDMedicationRequestExample.json,6865,1376,8830ba7e,0
site/tbl_bck050.png,105,105,094762d6,0
site/CodeSystem-bd-immunization-reaction.html,12932,3489,a2293f11,0
site/StructureDefinition-bd-lab-panel-observation-definitions.html,501344,40283,774577ca,0
site/tbl_bck10250.png,112,112,afb749d3,0
site/StructureDefinition-nationality-definitions.html,57905,6975,9c1dcda9,0
site/tbl_bck111010.png,108,107,ede45082,0
site/tbl_bck011110.png,100,98,0ac6185e,0
site/StructureDefinition-bd-medication-request.profile.xml.html,814895,44726,56318b01,0
site/CodeSystem-bd-immunization-reaction.ttl.html,30155,4813,2f17dbe2,0
site/StructureDefinition-bd-name-bn-testing.html,10810,2922,45e752f9,0
site/StructureDefinition-bd-encounter.ttl,277776,17899,0383b43c,0
site/ValueSet-bd-identifier-type-valueset.md,3226,1213,f347f5b2,0
site/StructureDefinition-bd-divisions.profile.xml.html,100444,8656,000b0f15,0
site/CodeSystem-bd-occupations.xlsx,8707,7743,ecd1559b,0
site/ValueSet-bd-immunization-site-valueset.xml,3605,1040,fd7dcd14,0
site/ValueSet-bd-identifier-type-valueset.ttl,5542,1271,93fec2d7,0
site/tbl_bck0000100.png,103,101,3e78c9ed,0
site/CodeSystem-bd-immunization-site.change.history.html,9667,2652,c2cfc35f,0
site/ValueSet-bd-district-code-valueset.xlsx,4638,3861,cd08f434,0
site/ValueSet-icd11-substances-valueset.json,4347,1429,c8be85ae,0
site/tbl_bck0251250.png,111,112,44388b63,0
site/StructureDefinition-bd-patient.sch,9649,1013,cf63de0e,0
site/StructureDefinition-bd-observation-definitions.html,557041,41762,afd71d7a,0
site/CodeSystem-bd-immunization-site.ttl,8647,1519,fb13ffaa,0
site/ValueSet-bd-encounter-status-subset.change.history.html,9694,2653,79457fa9,0
site/changes.html,10414,2835,7570372f,0
site/tbl_bck101101.png,109,108,13ba47b9,0
site/url-literals.json,2,4,a3a6bf43,0
site/tbl_bck13500.png,121,122,f1f61aae,0
site/ValueSet-bd-route-of-administration.xml,4423,1354,b7b77599,0
site/tbl_bck00000.png,92,86,dd3ae4af,0
site/ValueSet-bd-vaccine-valueset.md,3214,1217,e30a7744,0
site/CodeSystem-bd-identifier-type.ttl,6530,1326,2383ee88,0
site/ValueSet-bd-municipalities-code-valueset-testing.html,10578,2845,e9b85e96,0
site/StructureDefinition-bd-blood-group.csv,3354,1084,e9538bb3,0
site/StructureDefinition-bd-patient.json,503617,40293,03ea48f4,0
site/Organization-BDOrganizationExample.change.history.html,9690,2660,16b9774a,0
site/Practitioner-BDPractitionerExample.change.history.html,9694,2642,acf624dd,0
site/CodeSystem-bd-identifier-type.html,12044,3299,74df17fa,0
site/icon-qi-instructions.png,615,620,3b8012d0,0
site/StructureDefinition-icd11-cluster-expression.json,55131,5190,158cf37c,0
site/StructureDefinition-bd-practitioner.xml,74614,9846,8c124dc2,0
site/StructureDefinition-bd-lab-report.json,298095,27488,bef1d842,0
site/tbl_bck11250.png,114,115,2897b7b7,0
site/CodeSystem-bd-medication-code.json.html,24466,4340,6e3bb709,0
site/icon_choice.gif,266,271,42e10ac5,0
site/ValueSet-bd-identifier-type-valueset.xml.html,20391,4169,8b890c7c,0
site/StructureDefinition-bd-observation.profile.ttl.html,1089629,59841,caa0f7e8,0
site/ValueSet-bd-language-valueset.change.history.html,9651,2647,1dfd88d4,0
site/ValueSet-dgda-registered-drugs-testing.html,10489,2844,b7befa02,0
site/tbl_bck00001110.png,105,103,d59c46e7,0
site/tbl_bck1011100.png,108,108,58db7c6f,0
site/StructureDefinition-occupation-bd.md,3880,1307,2bf08a73,0
site/CodeSystem-bd-immunization-site.ttl.html,28460,4689,23fee150,0
site/StructureDefinition-icd11-cluster-expression.profile.json.html,94376,8957,77accd39,0
site/tbl_bck0111101.png,106,106,c0dc5d2c,0
site/StructureDefinition-bd-observation-mappings.html,230980,14173,786dc9f4,0
site/MedicationRequest-BDMedicationRequestExample.html,15217,3513,2a76b0c1,0
site/tbl_bck0000111001.png,107,107,c9b72f9e,0
site/StructureDefinition-bd-patient-examples.html,11027,2961,9331297c,0
site/CodeSystem-bd-country-list.change.history.html,9637,2647,3ad98bb0,0
site/tbl_bck000011111011.png,107,108,fcc78b04,0
site/CodeSystem-bd-identifier-type-testing.html,10475,2837,3b8364ea,0
site/StructureDefinition-bd-address-examples.html,10320,2837,42e92175,0
site/ValueSet-bd-encounter-status-subset.json,6816,1401,dad500ae,0
site/ValueSet-bd-immunization-site-valueset.html,19427,4380,6ddd2f77,0
site/tbl_vline_slice.png,143,135,2fb78f67,0
site/StructureDefinition-bd-medication.profile.history.html,10374,2815,0010048d,0
site/ValueSet-bd-marital-status-valueset-testing.html,10538,2840,1dd02a68,0
site/tbl_bck0350250.png,118,118,196a478b,0
site/StructureDefinition-bd-lab-panel-observation.md,10544,2424,20ff6eb2,0
site/tbl_vline.png,186,175,ea8b32f0,0
site/ImplementationGuide-bd.fhir.core.json,71016,9375,d5afebb3,0
site/ValueSet-bd-marital-status-valueset.xml,3539,1028,9341945b,0
site/tbl_bck010110.png,105,104,23a68d6b,0
site/tbl_bck010.png,101,99,7eaeb102,0
site/StructureDefinition-bd-lab-panel-observation.profile.xml.html,1110782,57826,f23d0a68,0
site/tbl_bck0000010.png,101,99,9a02eeeb,0
site/searchform.html,5618,1572,4b978d4e,0
site/tbl_bck0101.png,103,101,5d71536c,0
site/ImplementationGuide-bd.fhir.core.ttl,129506,10913,164b9b6a,0
site/StructureDefinition-bd-condition-definitions.html,234722,22776,fc817ed4,0
site/ValueSet-bd-route-of-administration.ttl.html,22619,4738,620ccb4e,0
site/icon_vd_select.png,951,956,edf50b4d,0
site/tbl_bck111100.png,107,106,6cc09038,0
site/tbl_bck0000111010.png,108,108,7b301230,0
site/StructureDefinition-bd-divisions.md,3908,1335,eedc96f4,0
site/tbl_bck02410.png,104,103,afe08448,0
site/ValueSet-bd-encounter-status-subset.md,3653,1312,4511e3b2,0
site/CodeSystem-bd-immunization-reaction.xml.html,29969,4606,fed10458,0
site/StructureDefinition-bd-immunization-testing.html,10926,2930,fec5065a,0
site/icon-qi-horizontal.png,209,208,8bbac838,0
site/StructureDefinition-bd-medication-request.profile.ttl.html,764127,44989,bd6370e2,0
site/fragment-usage-analysis.csv,185635,17730,bf82e258,0
site/tbl_bck04.png,92,86,dd3ae4af,0
site/Patient-BDPatientExample.json.html,22832,4455,7a8c05a3,0
site/ValueSet-bd-loinc-answer-lists-valueset.md,3994,1506,c4a0157f,0
site/tbl_bck12512.png,114,113,0cc82845,0
site/tbl_bck10111.png,108,108,58db7c6f,0
site/ValueSet-bd-vaccine-valueset.ttl,5415,1286,389b0736,0
site/ValueSet-bd-encounter-status-subset.json.html,23398,4488,1116ed0d,0
site/StructureDefinition-bd-immunization.html,649898,51116,9baea60c,0
site/ValueSet-bd-language-valueset-testing.html,10439,2837,54fc7ac8,0
site/CodeSystem-bd-vaccine-code-testing.html,10460,2837,9cb59ec5,0
site/ValueSet-bd-country-list-valueset.xlsx,4584,3802,1e2c0828,0
site/tbl_bck1001000.png,109,109,7ae685db,0
site/icon-q-integer.png,523,528,78042827,0
site/Encounter-BDEncounterExample.html,14287,3425,63143b0d,0
site/StructureDefinition-bd-divisions.profile.json.html,84998,8239,f432ac8c,0
site/ValueSet-bd-medication-valueset.xml,3473,997,19468121,0
site/excels.zip,751101,745468,128cab31,0
site/StructureDefinition-bd-practitioner-examples.html,11103,2962,11dc125b,0
site/Organization-BDOrganizationExample.json.html,17143,3890,2278b12a,0
site/StructureDefinition-bd-address.json,85901,7279,f899d413,0
site/StructureDefinition-bd-name-bn.json,43385,4291,540fc2a3,0
site/tbl_bck0251.png,111,112,83b2dc50,0
site/CodeSystem-bd-dose-form.json.html,29631,4765,26102f47,0
site/tbl_bck0500.png,105,105,094762d6,0
site/ValueSet-bd-immunization-site-valueset.md,3323,1233,0edbd29d,0
site/ValueSet-bd-city-corporation-code-valueset.xlsx,4649,3871,d2f1ee0a,0
site/ValueSet-bd-municipalities-code-valueset.json,3754,1105,88be07d7,0
site/icon-fhir-64.png,3526,3531,9e2d24b3,0
site/tbl_bck0351250.png,122,121,84dc231d,0
site/ValueSet-bd-division-code-valueset.ttl,5723,1359,34c89f06,0
site/ValueSet-bd-city-corporation-code-valueset.ttl.html,22395,4510,fa8a9054,0
site/ValueSet-bd-district-code-valueset.xml,3695,1100,ea3f790a,0
site/icon_page-child.gif,244,226,f43dd6f1,0
site/StructureDefinition-bd-related-person-mappings.html,170282,12393,7ca15799,0
site/ValueSet-bd-upazilla-code-valueset-testing.html,10509,2842,ba3018bc,0
site/ValueSet-bd-identifier-type-valueset.html,16999,4207,13e2ad54,0
site/tbl_bck025025.png,108,108,9bb741a2,0
site/tbl_bck111110.png,105,105,52a5c207,0
site/icon-selected.png,202,193,8619743d,0
site/tbl_bck0000111.png,105,103,d59c46e7,0
site/tbl_bck0320.png,105,105,9251897c,0
site/StructureDefinition-bd-patient-definitions.html,612344,46099,bec2388c,0
site/StructureDefinition-bd-lab-result-observation-mappings.html,234832,14273,a22f4855,0
site/ValueSet-bd-medication-dose-form.ttl,6217,1748,2d5a7412,0
site/tbl_bck041.png,104,103,6026ae7e,0
site/StructureDefinition-bd-lab-result-observation.json,370304,35663,2e0deaf6,0
site/tbl_bck000010.png,103,101,3e78c9ed,0
site/StructureDefinition-bd-blood-group.xml,56116,4916,094f14d0,0
site/CodeSystem-bd-blood-groups.json,6119,1155,c44269da,0
site/StructureDefinition-bd-medication-request.profile.json.html,570225,41303,05e116ee,0
site/ValueSet-bd-immunization-site-valueset.xml.html,20525,4204,bccd0575,0
site/StructureDefinition-bd-encounter-examples.html,11063,2962,5de97dba,0
site/StructureDefinition-bd-encounter.xlsx,24019,21262,b594cbf9,0
site/ValueSet-bd-country-list-valueset.xml,3456,1009,38010fbc,0
site/tbl_bck1251.png,114,113,0cc82845,0
site/StructureDefinition-bd-blood-group-testing.html,10870,2933,a2f2dae8,0
site/tbl_bck151.png,114,113,fd010836,0
site/ValueSet-bd-division-code-valueset.md,3315,1249,91804a86,0
site/StructureDefinition-bd-medication-testing.html,11010,2945,7e8c4437,0
site/ValueSet-bd-encounter-status-subset.xlsx,4692,3915,2c30e0f7,0
site/StructureDefinition-bd-practitioner.json,72109,9814,21cb830e,0
site/validator-bd.fhir.core.pack,555506,542581,6f1ca62c,0
site/tbl_bck003.png,104,103,34d82de6,0
site/ValueSet-bd-vaccine-valueset.xml.html,20209,4177,952f402e,0
site/CodeSystem-bd-immunization-route.html,12608,3388,bc58ecd8,0
site/tbl_bck035125.png,122,121,84dc231d,0
site/StructureDefinition-occupation-bd.ttl,51765,4921,7cd35d98,0
site/CodeSystem-bd-immunization-route.json,6332,1229,7c7c83f8,0
site/tbl_bck112.png,105,105,873e3fd4,0
site/assets/ico/icon-fhir-72.png,25407,5923,ea453a8e,0
site/assets/ico/noun_copy to clipboard_1669410.png,974,979,402a3895,0
site/assets/ico/icon-fhir-114.png,56750,9087,bac54759,0
site/assets/ico/icon-fhir-144.png,87793,11795,40fae395,0
site/assets/ico/icon-fhir-57.png,17639,4752,25278ae1,0
site/assets/ico/favicon.png,575,580,5af44d70,0
site/assets/js/bootstrap.min.js,39680,10878,9f659827,0
site/assets/js/jquery-ui.min.js,22016,7186,7b5de27c,0
site/assets/js/clipboard-btn.js,618,293,e4b1a67e,0
site/assets/js/respond.min.js,4035,2029,b279fcb6,0
site/assets/js/readme.txt,191,135,4bae7146,0
site/assets/js/jquery-3.7.0.min.map,134726,53183,f6cbe45f,0
site/assets/js/mermaid.js,3335717,989804,aa1c32b4,0
site/assets/js/xml.js,22563,8835,9149ce20,0
site/assets/js/topofpage.js,552,227,0cab9291,0
site/assets/js/jquery.js,87462,30290,05ba84b6,0
site/assets/js/mermaid-init.js,520,269,301a627d,0
site/assets/js/anchor.min.js,5389,2447,4d2a2926,0
site/assets/js/clipboard.min.js,9031,3139,a7894cd8,0
site/assets/js/window-hash.js,131,102,247eb62a,0
site/assets/js/tabs.js,493,241,05e32fa0,0
site/assets/js/html5shiv.js,2376,1195,dfd5ab8f,0
site/assets/js/fhir-table-scripts.js,4948,1384,55a91789,0
site/assets/js/prism.js,468183,173574,fe669fc9,0
site/assets/js/anchor-hover.js,47,44,f21dfe55,0
site/assets/js/prism-fhirpath.js,2636,1184,5e335234,0
site/assets/js/fhir.js,78,41,4bac6e2d,0
site/assets/fonts/OpenSans-CondBold-webfont.eot,20220,20174,03848a4f,0
site/assets/fonts/glyphiconshalflings-regular.eot,33358,18855,9c41b001,0
site/assets/fonts/OpenSans-CondBold-webfont.svg,101154,18497,7f120245,0
site/assets/fonts/glyphiconshalflings-regular.woff,18944,18820,21017093,0
site/assets/fonts/glyphiconshalflings-regular.svg,51353,13880,520eb589,0
site/assets/fonts/OpenSans-CondLight-webfont.svg,116797,19758,7d685ad2,0
site/assets/fonts/OpenSans-CondBold-webfont.woff,23036,22947,848d2bf2,0
site/assets/fonts/OpenSans-CondBold-webfont.ttf,40244,22985,1fa08808,0
site/assets/fonts/OpenSans-CondLight-webfont.ttf,36420,21657,6272dfeb,0
site/assets/fonts/OpenSans-CondLight-webfont.woff,21760,21670,21b9fdc9,0
site/assets/fonts/glyphiconshalflings-regular.ttf,32896,18825,3289162e,0
site/assets/fonts/glyphiconshalflings-regular.otf,18116,14123,b1d8f02b,0
site/assets/fonts/OpenSans-CondLight-webfont.eot,19063,18999,db039102,0
site/assets/css/cqf.css,3238,966,ac0f44bb,0
site/assets/css/hl7.css,1464,567,5badb3ea,0
site/assets/css/bootstrap-fhir.css,104339,17225,197552b3,0
site/assets/css/xml.css,1653,646,6eef0756,0
site/assets/css/jquery-ui.theme.min.css,13868,2344,13d53247,0
site/assets/css/pygments-manni.css,3005,856,24e966d5,0
site/assets/css/jquery-ui.css,19415,3616,46b6e630,0
site/assets/css/prism-fhirpath.css,727,318,382ab833,0
site/assets/css/project.css,19684,5165,4d65f5df,0
site/assets/css/jquery-ui.structure.min.css,1681,667,2626386d,0
site/assets/css/bootstrap-glyphicons.css,7587,1534,ed957543,0
site/assets/css/prism.css,4073,1841,67ffefbc,0
site/assets/images/lang-fr.png,98,93,4b258872,0
site/assets/images/target.png,972,977,df3c9855,0
site/assets/images/logo_ansinew.jpg,7005,6629,6ee126bc,0
site/assets/images/hl7-logo-header.png,5197,4940,800f23e2,0
site/assets/images/lang-ar.png,1100,1105,6eed43e7,0
site/assets/images/001.svg,10167,2192,e0c92edb,0
site/assets/images/external.png,173,161,bb64dfaf,0
site/assets/images/link.svg,880,437,f0f7e14b,0
site/assets/images/fhir-logo-www.png,13319,12104,5e765773,0
site/assets/images/lang-es.png,247,252,e73a9784,0
site/assets/images/bgd.svg,150,127,d0f6afc3,0
site/assets/images/stripe.png,2798,2803,a49a3384,0
site/assets/images/lang-de.png,117,111,c9a14e22,0
site/assets/images/lang-nl.png,112,109,004de586,0
site/assets/images/lang-ru.png,113,110,81007cc6,0
site/assets/images/lang-pt.png,356,361,96a4147c,0
site/assets/images/lang-zh-TW.png,201,204,22777752,0
site/assets/images/lang-ja.png,165,165,4d819cb2,0
site/assets/images/dragon.png,175381,174956,b643fd7f,0
site/assets/images/lang-zh.png,169,168,6933ca05,0
site/assets/images/search.png,4410,4415,8cbdd70c,0
site/assets/images/lang-pt_BR.png,364,369,8fcfe661,0
site/assets/images/lang-kr.png,442,447,20b29e94,0
site/assets/images/lang-en.png,288,293,1051b7f0,0
site/assets/images/fcp-logo.png,121058,121065,969c5997,0
site/assets/images/download.png,723,605,bda24ce5,0
site/icon_vd_view.png,746,751,ef8ae91a,0
site/CodeSystem-icd11-mms.xlsx,4725,4049,c7d81be2,0
site/StructureDefinition-icd11-cluster-expression.xml,55054,5329,dd423806,0
site/CodeSystem-bd-occupations.json.html,110621,10175,5ad176a1,0
site/ValueSet-bd-language-valueset.xml,3917,1173,ec440882,0
site/tbl_bck11.png,105,105,873e3fd4,0
site/ValueSet-bd-blood-group-valueset.xml.html,20312,4195,dd8ad77c,0
site/ValueSet-bd-encounter-status-subset.xml,6874,1404,bd21d34c,0
site/csvs.zip,311671,308650,09f9380a,0
site/CodeSystem-bd-religions.json,6500,1232,8173012e,0
site/tbl_bck133.png,110,109,51905d01,0
site/StructureDefinition-bd-organization.csv,24295,5948,de22f3a5,0
site/ValueSet-bd-religions-valueset.change.history.html,9657,2647,d867e97e,0
site/StructureDefinition-bd-medication-request-testing.html,11119,2958,5853dd88,0
site/tbl_bck0110.png,100,98,c4fe894e,0
site/StructureDefinition-bd-upazillas.ttl,51720,4915,5c8fedce,0
site/tbl_bck0350240.png,114,112,c1716903,0
site/changes.md,467,312,f27c4549,0
site/icon-qi-optional.png,869,874,95b4d910,0
site/tbl_bck0351.png,121,121,b01f4c88,0
site/tbl_bck1350.png,121,122,f1f61aae,0
site/codesystem-ref-all-list.json,42269,7571,59a9bb43,0
site/tbl_bck15140.png,114,113,fd010836,0
site/ValueSet-bd-vaccine-valueset.html,24901,4824,195fb481,0
site/icon_modifier_extension_simple.png,363,364,17e1e588,0
site/new.png,1873,1878,7a5f2553,0
site/icon-fhir-32.png,1391,1396,93c289b1,0
site/tbl_bck0000101.png,105,103,3870c0ec,0
site/ValueSet-bd-division-code-valueset.ttl.html,22172,4488,7151ec1e,0
site/icon_modifier_extension_complex.png,786,791,41e459e8,0
site/codesystem-ref-list.json,13081,3251,49cea1d5,0
site/CodeSystem-bd-country-list.ttl,80638,6913,18136717,0
site/icon-qi-hidden.png,532,537,ae4b1d80,0
site/ValueSet-bd-marital-status-valueset.xml.html,20404,4191,a94280e0,0
site/icon_q_item.png,635,640,0049776d,0
site/CodeSystem-bd-immunization-route.change.history.html,9673,2653,04667546,0
site/ValueSet-bd-loinc-lab-results-valueset.change.history.html,9703,2659,8196f852,0
site/StructureDefinition-bd-immunization.ttl,276870,20643,3567db8d,0
site/ValueSet-bd-route-of-administration.xml.html,21550,4522,89708fc8,0
site/tbl_vjoin_slicer-open.png,258,254,bad033be,0
site/CodeSystem-bd-identifier-type.md,2635,950,671b9366,0
site/ValueSet-dgda-registered-drugs.json,4284,1438,3c4e3e51,0
site/tbl_bck15050.png,115,115,4faecdb2,0
site/icon-qi-subject.png,796,801,8d93b701,0
site/StructureDefinition-bd-upazillas.xml,44729,4466,b990a18c,0
site/StructureDefinition-bd-medication-request.csv,78326,14735,02ff99e2,0
site/tbl_bck01011.png,105,104,23a68d6b,0
site/StructureDefinition-bd-observation.profile.json.html,852124,55441,5622d80d,0
site/StructureDefinition-bd-upazillas.md,3910,1341,28283f73,0
site/tbl_bck111.png,104,102,151fd629,0
site/CodeSystem-bd-geocodes.md,115508,15458,4e85a3f4,0
site/ValueSet-bd-loinc-lab-panels-valueset.xml.html,20754,4455,859ed679,0
site/StructureDefinition-bd-lab-result-observation.sch,1560,558,779da2ab,0
site/tbl_bck0241.png,104,103,afe08448,0
site/tbl_bck143.png,111,110,fd6f4d4f,0
site/tbl_bck05152.png,113,114,819843df,0
site/StructureDefinition-icd11-cluster-expression.profile.history.html,10326,2805,082284b4,0
site/tbl_bck025.png,106,106,b509173a,0
site/StructureDefinition-bd-patient-testing.html,10966,2944,4af8d9b4,0
site/ValueSet-bd-religions-valueset.html,20898,4447,e42e674a,0
site/CodeSystem-bd-medication-code.xml,6888,1251,239c6ab3,0
site/ValueSet-bd-identifier-type-valueset-testing.html,10522,2841,3234f38e,0
site/downloads.html,10740,2854,d92e0266,0
site/CodeSystem-bd-occupations-testing.html,10428,2828,44ca9d60,0
site/ValueSet-bd-loinc-lab-panels-valueset.ttl.html,21304,4647,93f76d70,0
site/icon-q-display.png,421,426,76f34460,0
site/package.r4.manifest.json,115,94,78aafff6,0
site/tbl_bck1040.png,104,103,aa935954,0
site/StructureDefinition-bd-observation.html,1134343,82435,1659bd94,0
site/ValueSet-bd-loinc-lab-panels-valueset.xlsx,4821,4046,c4480c20,0
site/tbl_bck1013.png,114,113,573c38b4,0
site/ValueSet-bd-municipalities-code-valueset.html,916939,36921,dba8ca0f,0
site/ValueSet-bd-immunization-reaction-valueset.ttl.html,21737,4402,c6392e80,0
site/ValueSet-bd-encounter-class-subset.json.html,24436,4839,18523bcf,0
site/CodeSystem-bd-country-list.json.html,158221,14054,ff0d6650,0
site/tbl_bck02512.png,111,112,83b2dc50,0
site/StructureDefinition-bd-medication-request.xlsx,30691,27672,c8095d29,0
site/StructureDefinition-bd-name-en.profile.ttl.html,97287,8654,b107115b,0
site/CodeSystem-bd-country-list.md,12809,2511,6970de1e,0
site/tbl_bck1004.png,102,101,a64da7e7,0
site/ValueSet-bd-language-valueset.xml.html,22094,4347,5d22602d,0
site/StructureDefinition-icd11-cluster-expression.profile.xml.html,109686,9384,60ba5e62,0
site/tbl_bck00250.png,103,102,6e03b1ef,0
site/StructureDefinition-bd-organization.profile.ttl.html,243598,17651,8da2ebba,0
site/ValueSet-bd-blood-group-valueset.change.history.html,9668,2652,0575641f,0
site/tbl_bck0000111111.png,106,105,ed0e7db9,0
site/CodeSystem-bd-blood-groups.xlsx,4852,4072,b2429fed,0
site/icon_vd_col.png,963,968,0a35564b,0
site/tbl_bck110010.png,111,112,25443edf,0
site/StructureDefinition-bd-immunization.csv,53921,8876,f0f45ef2,0
site/Patient-BDPatientExample.xml,6397,1343,434165a1,0
site/CodeSystem-bd-religions.xml,6589,1230,ca12ec92,0
site/tbl_bck111000.png,104,102,151fd629,0
site/tbl_bck000011110.png,105,103,921b5c03,0
site/StructureDefinition-bd-lab-panel-observation.profile.history.html,10346,2809,ced5a875,0
site/tbl_bck001000.png,104,103,6026ae7e,0
site/CodeSystem-bd-geocodes.ttl.html,1537974,88694,73a63855,0
site/tbl_bck1241.png,109,109,7ae685db,0
site/StructureDefinition-bd-organization.ttl,95516,11023,f68c5158,0
site/StructureDefinition-bd-location.md,3559,1208,f8c1aaa2,0
site/ValueSet-bd-immunization-reaction-valueset.xml,3692,1038,33c193be,0
site/tbl_bck040.png,92,86,dd3ae4af,0
site/ValueSet-bd-upazilla-code-valueset.xml.html,21184,4277,e3993b88,0
site/tbl_bck03400.png,105,105,9251897c,0
site/StructureDefinition-bd-lab-report.ttl,344301,30542,b67a568f,0
site/StructureDefinition-bd-observation-examples.html,10354,2839,7deda68c,0
site/StructureDefinition-bd-immunization.md,7193,1757,a5fb1d8a,0
site/tbl_bck01000.png,101,99,7eaeb102,0
site/Practitioner-BDPractitionerExample.xml,3192,839,a0d2eec9,0
site/Patient-BDPatientExample.ttl,8859,1640,03e7ce6d,0
site/tbl_bck00001010.png,105,103,3870c0ec,0
site/StructureDefinition-bd-lab-result-observation.profile.ttl.html,1000211,58581,cff18ed5,0
site/ImplementationGuide-bd.fhir.core.xml,74623,9478,d2aea8ed,0
site/CodeSystem-bd-medication-code-testing.html,10475,2833,4c818186,0
site/StructureDefinition-bd-lab-result-observation-definitions.html,558656,44969,bb3395ce,0
site/StructureDefinition-bd-upazillas-testing.html,10825,2920,0fa7e079,0
site/StructureDefinition-bd-organization.md,3871,1304,3656b4f4,0
site/ValueSet-bd-marital-status-valueset.json,3520,1032,1a6fe760,0
site/Organization-BDOrganizationExample.ttl,4596,1085,d02d538f,0
site/StructureDefinition-bd-lab-report.xml,298856,27658,c6fd3076,0
site/ValueSet-dgda-registered-drugs.change.history.html,9657,2652,8706aa3c,0
site/Medication-BDMedicationExample.html,13370,3228,1b967eec,0
site/ValueSet-bd-vaccine-valueset.json.html,17786,4065,60c0fa1f,0
site/CodeSystem-bd-religions.xlsx,4909,4127,79a2ca1d,0
site/tbl_bck012.png,101,99,7eaeb102,0
site/tbl_bck01101110.png,110,111,cf804af3,0
site/CodeSystem-bd-medication-code.json,6798,1252,db383d74,0
site/tbl_vjoin_slicer.png,147,139,3f6ba88a,0
site/StructureDefinition-bd-lab-report-definitions.html,320359,29273,c5ab3c92,0
site/StructureDefinition-bd-encounter.sch,1599,551,dd309ffa,0
site/tbl_bck00001111100.png,105,104,b8ae4b41,0
site/ValueSet-bd-condition-icd11-diagnosis-valueset.html,15112,4576,ddf7e1d5,0
site/ValueSet-bd-medication-valueset.xml.html,20282,4148,571e6c10,0
site/StructureDefinition-occupation-bd.profile.history.html,10237,2790,4c58b44a,0
site/CodeSystem-dgda-drug-registry.xml.html,20512,4394,2a663a36,0
site/StructureDefinition-bd-related-person.sch,6689,741,9db3bec1,0
site/CodeSystem-bd-country-list.xml,76058,6638,9170962a,0
site/CodeSystem-bd-medication-code.xlsx,4896,4114,1b5fd315,0
site/tbl_bck0000111110100.png,106,105,3ce5622e,0
site/StructureDefinition-bd-related-person.json,332232,29217,5e5e894c,0
site/tbl_bck100101.png,112,113,c0aed7fa,0
site/tbl_bck1011.png,109,109,25cc808f,0
site/summary.png,567,572,b81e6b91,0
site/ValueSet-bd-immunization-route-valueset.xlsx,4611,3836,929c7038,0
site/Medication-BDMedicationExample.ttl,6039,1150,56d3ac36,0
site/tbl_bck10240.png,104,103,aa935954,0
site/StructureDefinition-bd-patient.xml,507465,40501,cffcd4d3,0
site/tbl_bck00110.png,105,105,89b0ad60,0
site/tbl_bck152.png,112,112,5696a709,0
site/CodeSystem-bd-occupations.ttl.html,129525,11517,ec1c74be,0
site/StructureDefinition-bd-lab-panel-observation.profile.ttl.html,1043064,58115,bdddd6cc,0
site/CodeSystem-icd11-mms.json.html,18268,4435,aa9889f8,0
site/tbl_bck101000.png,109,109,4429ab49,0
site/icon-qi-security.png,481,486,222bc752,0
site/ValueSet-bd-condition-icd11-diagnosis-valueset.json,4651,1757,648236ef,0
site/tbl_bck1512.png,114,113,fd010836,0
site/icon_latest.png,527,532,f578758c,0
site/ValueSet-bd-language-valueset.md,3239,1235,99b89b7c,0
site/Patient-BDPatientExample.html,14040,3401,4ebc5032,0
site/StructureDefinition-bd-related-person-definitions.html,376913,30612,47c3aba9,0
site/icon_entry_blue.png,289,292,ee46e7e6,0
site/tbl_bck001.png,104,103,6026ae7e,0
site/StructureDefinition-bd-location-mappings.html,70167,7411,f8c9b82a,0
site/StructureDefinition-bd-observation.sch,4765,738,697b0298,0
site/tbl_bck05140.png,110,109,5dd6f5c4,0
site/tbl_bck1011110.png,108,108,4b81e545,0
site/ValueSet-bd-loinc-answer-lists-valueset.html,14189,4132,033c9af5,0
site/ValueSet-icd11-substances-valueset.json.html,19291,4493,bf0b96ca,0
site/StructureDefinition-bd-name-en-testing.html,10812,2925,c5090d80,0
site/tbl_bck1011001.png,113,113,2e21e30d,0
site/StructureDefinition-bd-related-person.profile.ttl.html,881954,44249,2ed3bb17,0
site/StructureDefinition-bd-address.csv,9793,2838,23720ef4,0
site/tbl_bck1140.png,105,105,873e3fd4,0
site/tbl_bck135110.png,125,126,85930d80,0
site/StructureDefinition-bd-location.profile.history.html,10237,2793,fee4e0ca,0
site/tbl_bck000010010.png,103,102,0426f857,0
site/StructureDefinition-bd-organization.html,239678,23437,95d2328f,0
site/tbl_vjoin.png,192,182,418db0e6,0
site/icon-object-box.png,6230,3762,523eeb00,0
site/CodeSystem-bd-identifier-type.json.html,20240,4127,e19881c5,0
site/StructureDefinition-bd-lab-result-observation.profile.xml.html,1068851,58274,e980dd18,0
site/codesystem-ref-all-list.csv,24560,6396,acf41b34,0
site/StructureDefinition-bd-name-en.profile.xml.html,96792,8432,ff84e742,0
site/Patient-BDPatientExample.json,6371,1343,18121d70,0
site/tbl_bck000011.png,105,103,39ad7b9c,0
site/ValueSet-bd-route-of-administration.md,4559,1539,c16e0b16,0
site/StructureDefinition-bd-address.xml,86165,7309,e9fe4a05,0
site/StructureDefinition-bd-immunization-mappings.html,156955,10511,de461e71,0
site/CodeSystem-bd-immunization-reaction-testing.html,10574,2843,e9623489,0
site/StructureDefinition-bd-medication-request.ttl,322016,29105,bce6203b,0
site/icon-q-datetime.png,753,758,51e776ae,0
site/StructureDefinition-bd-name-en.csv,2732,991,6cac4da4,0
site/ValueSet-bd-city-corporation-code-valueset.xml,3806,1113,d870bcea,0
site/icon-qi-help.png,869,874,95b4d910,0
site/tbl_bck0010.png,104,103,6026ae7e,0
site/Patient-BDPatientExample.md,3745,1004,70e60bcf,0
site/ValueSet-bd-loinc-lab-results-valueset.md,3912,1497,94ad9ba2,0
site/ValueSet-bd-encounter-status-subset.html,19025,4400,3c5bc8d6,0
site/sub-package-list.json,2,4,0d4cbb29,0
site/ValueSet-bd-religions-valueset.md,3212,1221,00bfb689,0
site/tbl_bck0110000.png,100,98,c4fe894e,0
site/StructureDefinition-language.profile.xml.html,173624,10421,474d7021,0
site/tbl_bck10034.png,112,110,ebe7a273,0
site/icon-q-open-choice.png,199,192,199de0fa,0
site/background.html,11645,3309,83c85014,0
site/CodeSystem-bd-blood-groups-testing.html,10469,2837,b065d4c1,0
site/StructureDefinition-bd-lab-panel-observation.csv,99621,16363,4d08da8b,0
site/tbl_bck101010.png,106,104,0465d9c5,0
site/tbl_bck0.png,92,86,dd3ae4af,0
site/MedicationRequest-BDMedicationRequestExample.md,4494,1094,75db137d,0
site/StructureDefinition-bd-organization-definitions.html,115075,13158,611600ec,0
site/StructureDefinition-bd-related-person.html,755128,52832,303051b2,0
site/StructureDefinition-bd-practitioner.profile.xml.html,253389,16816,5d14eddb,0
site/ValueSet-bd-vaccine-valueset.json,3414,1027,df4d6efb,0
site/valueset-list.json,15218,3442,273df2cd,0
site/tbl_bck05040.png,105,105,094762d6,0
site/tbl_bck105.png,111,110,dfb8e873,0
site/StructureDefinition-bd-related-person.xml,335302,29604,e02c7fa8,0
site/ValueSet-bd-medication-dose-form.html,14456,4258,9f93eb52,0
site/tbl_bck1014.png,106,104,b79897e6,0
site/ValueSet-bd-country-list-valueset.ttl.html,21344,4372,b0e1ec8f,0
site/tbl_bck05.png,105,105,094762d6,0
site/StructureDefinition-bd-related-person-examples.html,10367,2843,fc102b18,0
site/icon_page_n_c.gif,1082,789,a741f8f4,0
site/ValueSet-bd-city-corporation-code-valueset.xml.html,21412,4288,c3bab4de,0
site/ValueSet-bd-occupations-valueset.change.history.html,9669,2648,2ac00643,0
site/StructureDefinition-bd-divisions.html,77556,7648,0d45b4c1,0
site/tbl_vjoin_slice.png,148,140,7cba9fc2,0
site/StructureDefinition-bd-practitioner.profile.history.html,10392,2818,19fca9ad,0
site/NamingSystem-icd11-mms-bd.ttl.html,32784,5326,45725737,0
site/StructureDefinition-bd-medication.md,8863,2546,5588a7cd,0
site/StructureDefinition-bd-observation-testing.html,10907,2925,a2301c5c,0
site/CodeSystem-bd-marital-status.ttl,7460,1334,7ee058a2,0
site/validator.pack,555506,542581,6f1ca62c,0
site/tbl_bck00010.png,104,103,afe08448,0
site/CodeSystem-bd-occupations.md,14960,3673,12477efd,0
site/StructureDefinition-bd-encounter.xml,224487,16579,f0a961ec,0
site/ValueSet-bd-language-valueset.ttl.html,22882,4573,bd930f72,0
site/tbl_bck1001010.png,112,113,c0aed7fa,0
site/StructureDefinition-bd-divisions-definitions.html,57746,6961,7e56b7e7,0
site/CodeSystem-bd-identifier-type.ttl.html,24345,4496,7e0bc3d3,0
site/tbl_bck1100.png,105,105,873e3fd4,0
site/ValueSet-bd-loinc-answer-lists-valueset.json,3867,1328,d641741c,0
site/tbl_bck1112.png,106,106,48dfa85e,0
site/ValueSet-bd-district-code-valueset.xml.html,21189,4272,bafd8d2c,0
site/tbl_bck00.png,92,86,dd3ae4af,0
site/StructureDefinition-bd-address.profile.ttl.html,215609,13022,82609360,0
site/Medication-BDMedicationExample.xml,4743,941,ba568e70,0
site/tbl_bck10101.png,106,104,0465d9c5,0
site/tbl_bck12400.png,104,103,aa935954,0
site/ValueSet-bd-district-code-valueset.md,3327,1261,acaf1a09,0
site/CodeSystem-icd11-mms.html,12756,3765,38ed25ba,0
site/ValueSet-bd-occupations-valueset.md,3231,1208,15040d67,0
site/ValueSet-bd-immunization-route-valueset.change.history.html,9710,2658,7f4ea69d,0
site/tbl_bck10110.png,109,109,25cc808f,0
site/tbl_bck11124.png,106,106,48dfa85e,0
site/ValueSet-bd-district-code-valueset.html,77068,6880,43836805,0
site/StructureDefinition-bd-medication-request.xml,260690,26578,5d51444d,0
site/tbl_bck01111001.png,105,105,f01cbb88,0
site/tbl_bck02510.png,111,112,83b2dc50,0
site/ValueSet-bd-blood-group-valueset.md,3228,1222,00b6f366,0
site/icon-dictionary.png,613,618,db18306f,0
site/ValueSet-icd11-substances-valueset.md,4806,1646,c3ffd158,0
site/StructureDefinition-bd-organization-testing.html,11022,2945,5e06d71f,0
site/tbl_bck10124.png,106,104,b79897e6,0
site/icon_q_root.gif,238,239,2a4bde7a,0
site/StructureDefinition-bd-lab-panel-observation-examples.html,10422,2853,80d877e6,0
site/ValueSet-bd-city-corporation-code-valueset.json.html,18690,4163,c4acb7c1,0
site/StructureDefinition-bd-lab-report.xlsx,23324,21548,584b4dce,0
site/StructureDefinition-bd-organization.profile.json.html,179548,16105,a47d73e8,0
site/StructureDefinition-bd-blood-group.xlsx,7047,6253,b4c7e561,0
site/ValueSet-bd-immunization-route-valueset.json.html,18111,4088,8ed2e7ed,0
site/StructureDefinition-bd-address.sch,2016,573,9365717c,0
site/tbl_bck100000.png,104,103,aa935954,0
site/StructureDefinition-nationality.xlsx,6878,6084,a3b9100c,0
site/ValueSet-bd-immunization-route-valueset.xml.html,20558,4204,9e1011b3,0
site/tbl_bck024.png,94,91,c825e21e,0
site/StructureDefinition-bd-immunization.profile.xml.html,692354,35995,e8e1eea4,0
site/CodeSystem-bd-identifier-type.change.history.html,9661,2647,7669398b,0
site/CodeSystem-bd-religions-testing.html,10406,2828,ac64dcdf,0
site/ValueSet-bd-blood-group-valueset.json.html,17881,4078,0c08581c,0
site/codesystem-list.json,5881,1553,3c5a7dcd,0
site/ValueSet-bd-route-of-administration.html,490403,22327,cb44f183,0
site/tbl_bck0111100.png,100,98,0ac6185e,0
site/StructureDefinition-bd-immunization-examples.html,10361,2842,a99fe013,0
site/ValueSet-bd-municipalities-code-valueset.xml,3782,1107,63078282,0
site/expansions.json.zip,129811,126530,444badf8,0
site/ValueSet-bd-country-list-valueset.ttl,5448,1269,a55169f6,0
site/tbl_vjoin_end.png,192,182,fab5e004,0
site/ValueSet-bd-loinc-lab-results-valueset.xml,3871,1318,cd87b686,0
site/StructureDefinition-bd-immunization-definitions.html,323753,23648,88095cd0,0
site/ValueSet-bd-immunization-route-valueset.html,19458,4376,8661f24c,0
site/codesystem-ref-list.csv,8367,2849,85b75fdb,0
site/CodeSystem-bd-vaccine-code.ttl,12370,1927,d0ddb7b2,0
site/CodeSystem-bd-religions.change.history.html,9620,2642,52ad63a5,0
site/StructureDefinition-bd-organization.sch,862,448,83ba20fe,0
site/ValueSet-bd-language-valueset.xlsx,4622,3840,0dc40026,0
site/tbl_bck000000.png,92,86,dd3ae4af,0
site/ValueSet-bd-route-of-administration.xlsx,4873,4101,5e47d79a,0
site/StructureDefinition-bd-immunization.profile.ttl.html,651566,36416,93e9fb86,0
site/ValueSet-bd-encounter-class-subset.ttl,10366,2035,10427816,0
site/CodeSystem-bd-vaccine-code.json.html,29632,4781,0d4f4476,0
site/ValueSet-bd-loinc-lab-results-valueset.ttl,5454,1567,25afb8de,0
site/StructureDefinition-bd-medication-request.json,253403,27048,5d632b9a,0
site/StructureDefinition-bd-lab-report.profile.history.html,10259,2799,c2d20d5f,0
site/StructureDefinition-occupation-bd.xml,44792,4470,a4e2982f,0
site/StructureDefinition-bd-divisions.xml,44731,4462,726dab6d,0
site/StructureDefinition-bd-related-person.md,7762,1785,2d6b1314,0
site/Medication-BDMedicationExample.change.history.html,9672,2639,a2888547,0
site/tbl_vjoin_end_slice-closed.png,238,232,275a035c,0
site/icon-q-item.png,635,640,0049776d,0
site/tbl_bck115.png,112,111,491b953c,0
site/ValueSet-bd-city-corporation-code-valueset.html,91223,7397,dfd42b65,0
site/tbl_bck000100.png,104,103,afe08448,0
site/ValueSet-bd-immunization-reaction-valueset.xml.html,20660,4198,ef802daa,0
site/StructureDefinition-occupation-bd.csv,2792,1011,70934d42,0
site/StructureDefinition-bd-patient-mappings.html,279174,15772,791c6b9a,0
site/lock.png,310,315,a87d443a,0
site/tbl_bck000110.png,101,99,ca44bb3f,0
site/icon_extension_simple.png,331,336,09d830ed,0
site/StructureDefinition-bd-lab-report.csv,54363,11146,629d07bc,0
site/ValueSet-bd-upazilla-code-valueset.html,614794,26447,4289b1c8,0
site/tbl_vjoin_slice-open.png,244,238,1191f53c,0
site/StructureDefinition-bd-practitioner.sch,862,446,6b2c49c6,0
site/StructureDefinition-bd-name-en.md,3823,1298,18dfedb0,0
site/tbl_bck14.png,104,103,aa935954,0
site/tbl_bck0000111011.png,108,108,e63282dc,0
site/tbl_bck1351.png,123,124,1fabbcdb,0
site/ValueSet-bd-blood-group-valueset.xml,3483,1031,07546905,0
site/StructureDefinition-bd-medication-request-definitions.html,369194,32576,3d97dbc4,0
site/ValueSet-bd-division-code-valueset.xml,3695,1099,7d3b2e15,0
site/MedicationRequest-BDMedicationRequestExample.ttl,8681,1665,4fef2689,0
site/tbl_bck0000111000.png,105,103,d59c46e7,0
site/ValueSet-bd-marital-status-valueset.ttl.html,21483,4400,2cf9a812,0
site/StructureDefinition-bd-practitioner-testing.html,11022,2944,1fab4518,0
site/CodeSystem-bd-medication-code.change.history.html,9651,2645,10b315ca,0
site/StructureDefinition-bd-name-bn.md,3815,1295,384f3431,0
site/ValueSet-bd-immunization-reaction-valueset-testing.html,10618,2850,f29c3161,0
site/StructureDefinition-bd-lab-report.md,10874,2752,010d11b7,0
site/fhir-table-scripts.js,4892,1372,313f2800,0
site/CodeSystem-bd-dose-form.md,3968,1350,9c558e45,0
site/valueset-ref-list.csv,13898,4035,118cc1e2,0
site/StructureDefinition-bd-name-en.profile.history.html,10214,2791,44fa2d25,0
site/ValueSet-bd-medication-dose-form.json.html,18677,4548,1d3ee119,0
site/tbl_bck1001.png,109,109,7ae685db,0
site/tbl_bck11101.png,108,107,ede45082,0
site/StructureDefinition-bd-patient.profile.json.html,1018801,57345,8c87f902,0
site/StructureDefinition-bd-lab-result-observation.profile.history.html,10354,2810,774ba671,0
site/CodeSystem-bd-religions.html,12436,3380,e78e04ee,0
site/ValueSet-bd-route-of-administration.ttl,6409,1616,fc34f117,0
site/CodeSystem-bd-immunization-site.json.html,23709,4327,dec2b2d6,0
site/ValueSet-bd-occupations-valueset.ttl,5466,1282,c5a89cd7,0
site/tbl_bck0000111100.png,105,103,921b5c03,0
site/tbl_bck1424.png,104,103,aa935954,0
site/CodeSystem-icd11-mms.xml,4022,1405,c035728c,0
site/tbl_bck1152.png,112,111,491b953c,0
site/tbl_vjoin_end_slice.png,161,154,e130a9c2,0
site/StructureDefinition-icd11-cluster-expression.xlsx,7513,6709,46a1f17e,0
site/tbl_bck10010.png,109,109,7ae685db,0
site/tbl_bck1505.png,115,115,4faecdb2,0
site/ValueSet-bd-blood-group-valueset.xlsx,4605,3825,3a125431,0
site/CodeSystem-bd-immunization-site.xml.html,28101,4473,714645ee,0
site/StructureDefinition-bd-immunization.profile.history.html,10276,2799,8bdb238d,0
site/tbl_bck001010.png,101,99,ca2a6809,0
site/tbl_bck1101.png,108,108,cb3e2661,0
site/tbl_bck1003.png,112,110,ebe7a273,0
site/StructureDefinition-bd-related-person.profile.history.html,10284,2800,52179955,0
site/StructureDefinition-bd-upazillas-mappings.html,17888,3867,f42008ef,0
site/icon_page_n_p.gif,1087,806,eb8e03ad,0
site/CodeSystem-bd-immunization-route.md,3078,1031,ca2d003c,0
site/tbl_bck01111.png,100,98,0ac6185e,0
site/tbl_bck1025.png,112,112,afb749d3,0
site/StructureDefinition-bd-lab-panel-observation-testing.html,11031,2949,e4dcb53c,0
site/tbl_bck15424.png,112,112,5696a709,0
site/NamingSystem-icd11-mms-bd.json,10915,1862,002618a2,0
site/tbl_bck110100.png,108,108,cb3e2661,0
site/icon_slice.png,692,697,b343688c,0
site/tbl_bck000011110000.png,105,103,921b5c03,0
site/tbl-open.png,7410,4964,e1221066,0
site/StructureDefinition-bd-location.sch,841,441,3f93fe83,0
site/tbl_bck135.png,121,122,f1f61aae,0
site/ValueSet-bd-route-of-administration.change.history.html,9694,2652,5a0682a8,0
site/ValueSet-bd-occupations-valueset.ttl.html,21381,4388,f8680661,0
site/icon-q-reference.png,410,415,897931f1,0
site/ValueSet-bd-marital-status-valueset.md,3270,1229,de916d91,0
site/tbl_bck01010.png,103,101,5d71536c,0
site/tbl_bck011110010.png,105,105,f01cbb88,0
site/CodeSystem-bd-immunization-site.html,12630,3399,2a72b2e7,0
site/tbl_bck0100.png,101,99,7eaeb102,0
site/CodeSystem-icd11-mms.ttl,5863,1669,19389219,0
site/tbl_bck0011.png,105,105,89b0ad60,0
site/tbl_bck111101.png,111,112,dbcdd5c5,0
site/NamingSystem-icd11-mms-bd.xml.html,31833,5092,a3f537a8,0
site/StructureDefinition-bd-condition.profile.xml.html,542032,30212,7503f6b0,0
site/tbl_bck035.png,114,112,c1716903,0
site/StructureDefinition-bd-practitioner.xlsx,14698,13486,c0888c58,0
site/StructureDefinition-language.sch,1999,587,03053ec2,0
site/ValueSet-bd-immunization-site-valueset-testing.html,10574,2848,08ef5883,0
site/ValueSet-dgda-registered-drugs.ttl.html,22475,4831,a0c4e2c8,0
site/StructureDefinition-bd-lab-panel-observation.xml,408626,35798,17ad0366,0
site/tbl_bck100110.png,112,112,6a0af47d,0
site/CodeSystem-bd-immunization-route.xml.html,27979,4461,7b85333b,0
site/StructureDefinition-bd-immunization.profile.json.html,491612,32131,83e2d151,0
site/CodeSystem-bd-immunization-reaction.xlsx,4985,4196,c691b17a,0
site/ValueSet-bd-religions-valueset-testing.html,10483,2836,884a27de,0
site/StructureDefinition-bd-immunization.xml,226509,18639,fdcdb5a8,0
site/valueset-ref-all-list.json,71900,9542,ae73ddeb,0
site/tbl_bck05050.png,107,107,b4e12a9a,0
site/tbl_bck00240.png,94,91,c825e21e,0
site/examples.ttl.zip,8955,8340,5aca20d9,0
site/StructureDefinition-bd-lab-result-observation.ttl,448706,38646,26eb68ba,0
site/icon-change-add.png,1941,1946,317bad12,0
site/StructureDefinition-bd-medication-request.html,773127,65571,80a972ef,0
site/tbl_bck1111010.png,111,112,dbcdd5c5,0
site/StructureDefinition-bd-lab-result-observation.xlsx,33985,30859,5046deae,0
site/StructureDefinition-bd-patient.md,12309,2436,0850a36b,0
site/tbl_bck05150.png,113,114,819843df,0
site/StructureDefinition-icd11-cluster-expression-definitions.html,63674,7764,35b7b0df,0
site/StructureDefinition-bd-divisions-mappings.html,17887,3861,dbc4ad14,0
site/tbl_bck1011000.png,109,109,25cc808f,0
site/ValueSet-bd-marital-status-valueset.html,19011,4297,7509158d,0
site/StructureDefinition-occupation-bd.sch,603,338,29de6933,0
site/StructureDefinition-bd-lab-result-observation.profile.json.html,767601,54140,313f3f12,0
site/Encounter-BDEncounterExample.ttl.html,22006,4427,fdc9a37d,0
site/ValueSet-bd-blood-group-valueset.json,3464,1035,e9f8f002,0
site/CodeSystem-bd-country-list.html,31136,5668,77baad57,0
site/modifier.png,692,697,c85bdc7a,0
site/StructureDefinition-language.html,105844,9499,e137cb6a,0
site/StructureDefinition-bd-medication-request-examples.html,11220,2976,f564432a,0
site/ValueSet-bd-immunization-site-valueset.json.html,18078,4086,400ab673,0
site/tbl_bck0515.png,113,114,819843df,0
site/tbl_bck00100.png,104,103,6026ae7e,0
site/artifacts.md,24022,6640,220cc041,0
site/CodeSystem-bd-medication-code.ttl,9004,1520,0c84af4a,0
site/tbl_bck0111.png,105,105,e2f808b6,0
site/tbl_bck11252.png,114,115,2897b7b7,0
site/Organization-BDOrganizationExample.json,3211,847,b8ef6d5f,0
site/icon-infrastructure.png,49885,49808,d208deaf,0
site/StructureDefinition-bd-lab-panel-observation.profile.json.html,809450,53679,012ad812,0
site/icon_page_n.gif,1080,741,8b7b5930,0
site/prism.js,481046,178075,96a176cf,0
site/tbl_bck13510.png,123,124,1fabbcdb,0
site/tbl_bck1340.png,112,112,8bcc5d17,0
site/StructureDefinition-bd-name-bn.profile.json.html,81822,8052,471e2185,0
site/ValueSet-bd-blood-group-valueset-testing.html,10505,2843,d8f7830f,0
site/tbl_bck134.png,112,113,11c57d88,0
site/ValueSet-bd-city-corporation-code-valueset.change.history.html,9724,2658,1593c5f6,0
site/StructureDefinition-bd-blood-group-mappings.html,19479,4040,07af9ab0,0
site/CodeSystem-bd-immunization-reaction.md,3317,1123,342e0142,0
site/StructureDefinition-bd-medication.profile.xml.html,357583,23320,df15d16a,0
site/CodeSystem-bd-immunization-site.md,3126,1042,d86df8ab,0
site/tbl_bck00001111001.png,108,109,f0d1a670,0
site/tbl_vline_slicer.png,143,135,875c256b,0
site/StructureDefinition-bd-medication.html,338354,32365,6e7b8d0a,0
site/ValueSet-bd-identifier-type-valueset.ttl.html,21490,4384,f6fd00b4,0
site/StructureDefinition-nationality.json,45600,4501,1ca6eb9c,0
site/StructureDefinition-bd-condition-testing.html,10891,2935,50e4ddf6,0
site/tbl_bck0111110.png,102,101,4b72e796,0
site/StructureDefinition-bd-location.json,86901,10403,62e2ad0b,0
site/StructureDefinition-bd-upazillas.csv,2789,1015,a9f5b9d6,0
site/NamingSystem-icd11-mms-bd.xml,11021,1901,a87885ac,0
site/StructureDefinition-bd-blood-group.profile.history.html,10246,2796,d19c7532,0
site/icon_profile.png,843,848,595e4b98,0
site/expansions.xml,3885193,139387,18fe4670,0
site/CodeSystem-bd-medication-code.html,12626,3397,6a987d79,0
site/StructureDefinition-bd-upazillas.profile.ttl.html,101094,8898,b34f5843,0
site/StructureDefinition-bd-condition.xml,174108,18936,2d4e0aa4,0
site/ValueSet-bd-country-list-valueset.md,3130,1192,ad87fa7d,0
site/tbl_bck10000.png,104,103,aa935954,0
site/icon-fhir-1024.png,116309,111823,a5a6a9e0,0
site/tbl_bck15040.png,112,112,5696a709,0
site/StructureDefinition-bd-observation.ttl,515554,40439,93be0836,0
site/CodeSystem-bd-marital-status.json,5338,1069,4824320e,0
site/definitions.json.zip,543614,531612,200ee098,0
site/CodeSystem-bd-geocodes.json,708322,78675,183b19fd,0
site/icon_resource.png,598,603,0c7e73a5,0
site/ValueSet-bd-upazilla-code-valueset.ttl.html,22155,4489,45e6c6b5,0
site/StructureDefinition-bd-location.csv,31198,6305,bbd0e7f0,0
site/ValueSet-bd-district-code-valueset.ttl.html,22172,4483,95c30758,0
site/Medication-BDMedicationExample.md,2352,703,a4632a67,0
site/CodeSystem-bd-vaccine-code.xml.html,35988,4949,e7fd32fc,0
site/ValueSet-bd-medication-dose-form.ttl.html,22328,4878,ae174a89,0
site/tbl_bck0512.png,110,109,5dd6f5c4,0
site/ValueSet-bd-condition-icd11-diagnosis-valueset.json.html,19071,4781,73aec8dc,0
site/ValueSet-bd-municipalities-code-valueset.json.html,18642,4159,6c7817f6,0
site/StructureDefinition-bd-name-bn-mappings.html,17899,3872,084505b6,0
site/StructureDefinition-bd-related-person.ttl,398597,31930,7af907dc,0
site/icon-error.gif,556,386,1a4ba298,0
site/ValueSet-bd-municipalities-code-valueset.xlsx,4641,3864,67581364,0
site/ValueSet-bd-encounter-class-subset.ttl.html,28370,5180,959e7984,0
site/ValueSet-bd-condition-icd11-diagnosis-valueset.ttl.html,22622,5117,c882fcdb,0
site/tbl_bck12.png,104,103,aa935954,0
site/StructureDefinition-bd-blood-group.sch,603,338,29de6933,0
site/icon-q-group.png,442,447,d52a16cf,0
site/ValueSet-bd-immunization-route-valueset.xml,3626,1043,58497cc9,0
site/StructureDefinition-nationality.md,4011,1345,a73f5035,0
site/ValueSet-bd-medication-dose-form.md,5105,1726,72f8bed5,0
site/MedicationRequest-BDMedicationRequestExample.change.history.html,9749,2646,2f567776,0
site/ValueSet-bd-medication-valueset.xlsx,4570,3792,89694756,0
site/tbl_bck0000111101.png,108,109,26923158,0
site/ValueSet-bd-upazilla-code-valueset.json.html,18478,4152,2aa8eb61,0
site/ValueSet-bd-loinc-answer-lists-valueset.change.history.html,9709,2660,b3713a1f,0
site/ValueSet-bd-encounter-class-subset.xml,8316,1758,3ce1757d,0
site/Encounter-BDEncounterExample.xml.html,21799,4256,0e8f730a,0
site/ValueSet-bd-religions-valueset.xml,3435,1020,231e68fc,0
site/StructureDefinition-bd-location-testing.html,10883,2928,d751e3ae,0
site/icon-not-selected.png,150,139,5608780b,0
site/StructureDefinition-bd-name-en.ttl,49490,4727,a12386af,0
site/ValueSet-bd-city-corporation-code-valueset.md,3476,1297,ac7f7e11,0
site/ValueSet-bd-loinc-lab-panels-valueset.change.history.html,9697,2659,74145c25,0
site/CodeSystem-bd-vaccine-code.json,10022,1650,cf98a14b,0
site/package.r4b.tgz,475020,467719,caef2a65,0
site/tbl_bck010100.png,103,101,5d71536c,0
site/tbl_bck1320.png,112,113,11c57d88,0
site/tbl_bck0251240.png,111,112,83b2dc50,0
site/tbl_bck0341.png,111,111,4bc007cb,0
site/Organization-BDOrganizationExample.xml.html,18971,3935,d684a652,0
site/ValueSet-bd-municipalities-code-valueset.ttl.html,22321,4495,4f169d56,0
site/CodeSystem-dgda-drug-registry.ttl,5562,1492,54e6d7f8,0
site/tbl_bck011.png,100,98,c4fe894e,0
site/observations-summary.xlsx,3939,3264,39666528,0
site/CodeSystem-bd-dose-form.xml,10295,1668,eba063cf,0
site/tbl_bck033.png,104,104,1f7a6c31,0
site/tbl_bck000011111000.png,105,104,b8ae4b41,0
site/CodeSystem-bd-geocodes.change.history.html,9614,2644,ab47b717,0
site/StructureDefinition-bd-medication.sch,1284,499,c4ef7dba,0
site/StructureDefinition-bd-lab-report.profile.xml.html,721566,42151,561ff269,0
site/ValueSet-bd-city-corporation-code-valueset.json,3778,1110,50545a20,0
site/CodeSystem-dgda-drug-registry.xml,3596,1222,fddc9457,0
site/StructureDefinition-bd-organization-examples.html,11089,2979,25fe1afb,0
site/ValueSet-bd-vaccine-valueset.ttl.html,21297,4398,af4457d1,0
site/StructureDefinition-bd-name-bn.profile.ttl.html,97269,8639,513e26e1,0
site/tbl_bck1113.png,113,113,c3d4c3e6,0
site/valueset-ref-all-list.csv,38503,7979,8c85b6e8,0
site/icon-qi-vertical.png,241,238,1859f8c0,0
site/ValueSet-bd-loinc-lab-results-valueset.json,3814,1311,2e9f4f13,0
site/CodeSystem-bd-identifier-type.xml.html,23612,4265,e9fdcd4e,0
site/icon-q-date.png,626,631,451c1384,0
site/tbl_bck0000.png,92,86,dd3ae4af,0
site/tbl_bck12410.png,109,109,7ae685db,0
site/ValueSet-bd-immunization-route-valueset.json,3607,1045,9f4354ff,0
site/tbl_bck112524.png,115,114,41955a95,0
site/tbl_bck000011111.png,105,104,b8ae4b41,0
site/StructureDefinition-bd-condition-examples.html,10340,2838,7a62999e,0
site/tbl_bck011100.png,105,105,e2f808b6,0
site/StructureDefinition-bd-lab-report.profile.json.html,551508,39456,e5dbfc46,0
site/valueset-ref-list.json,21619,4519,7b451cfd,0
site/tbl_bck03310.png,113,113,1a0e1d90,0
site/StructureDefinition-bd-lab-report.sch,4325,758,3c285614,0
site/ValueSet-bd-religions-valueset.json,3416,1024,ce052ed5,0
site/StructureDefinition-bd-encounter-mappings.html,152292,10652,d3a30add,0
site/tbl_bck1110.png,104,102,151fd629,0
site/StructureDefinition-bd-medication-request.profile.history.html,10445,2826,5bbf5af1,0
site/tbl_bck1352.png,121,122,f1f61aae,0
site/tbl_bck00011.png,101,99,ca44bb3f,0
site/downloads.md,550,315,53b76475,0
site/StructureDefinition-bd-address.md,4736,1427,306e7683,0
site/ValueSet-bd-loinc-lab-panels-valueset.json.html,18154,4317,cf80da9c,0
site/CodeSystem-bd-immunization-route.ttl,8507,1503,e436e756,0
site/StructureDefinition-bd-location.ttl,116635,11846,a95dbbc7,0
site/tbl_bck1111000.png,107,106,6cc09038,0
site/ValueSet-bd-medication-valueset.json.html,17859,4038,3aa7d32e,0
site/StructureDefinition-bd-organization.profile.xml.html,259348,17332,0bf6dd5b,0
site/ValueSet-bd-loinc-lab-panels-valueset-testing.html,10458,2834,d1832bf8,0
site/icon-example.png,587,592,04227645,0
site/tbl_bck00001.png,103,101,3e78c9ed,0
site/tbl_vjoin_end-open.png,266,264,0870f313,0
site/StructureDefinition-icd11-cluster-expression.profile.ttl.html,110391,9796,e5832a19,0
site/ValueSet-bd-medication-dose-form.xml.html,21254,4665,4c3bfbc4,0
site/ValueSet-bd-language-valueset.html,14771,4015,803d9bbc,0
site/package.tgz,479191,472546,369a074f,0
site/StructureDefinition-bd-upazillas.json,45295,4462,8ce85e7b,0
site/CodeSystem-icd11-mms-testing.html,10463,2853,f9a7208f,0
site/StructureDefinition-language-definitions.html,105255,9933,6e94cb39,0
site/StructureDefinition-bd-immunization.json,222226,18539,1fa9d089,0
site/ValueSet-bd-medication-valueset.change.history.html,9663,2646,d036519c,0
site/StructureDefinition-bd-medication.xlsx,16878,15508,a87d2c33,0
site/cc0.png,367,372,7c53c4da,0
site/Organization-BDOrganizationExample.ttl.html,19375,4150,640499a0,0
site/CodeSystem-icd11-mms.xml.html,20902,4577,953f0baf,0
site/icon-fhir-16-grey.png,5218,2728,ae5cb120,0
site/tbl_bck0110010.png,108,107,a4906436,0
site/CodeSystem-bd-dose-form.xml.html,35942,4925,d26423d5,0
site/CodeSystem-bd-religions.json.html,24352,4311,7a6b625a,0
site/icon-list.gif,276,281,e4925ea7,0
site/ValueSet-bd-upazilla-code-valueset.ttl,5721,1362,90204b22,0
site/tbl_bck00001111101.png,106,105,3ce5622e,0
site/CodeSystem-bd-vaccine-code.xml,10160,1650,198a33db,0
site/ValueSet-bd-encounter-status-subset.ttl,8919,1668,3a85e72d,0
site/CodeSystem-bd-vaccine-code.md,3807,1291,298cdad5,0
site/tbl_bck113.png,112,111,6446168c,0
site/ValueSet-dgda-registered-drugs.xml.html,21387,4610,0a4024a2,0
site/StructureDefinition-bd-observation.profile.xml.html,1156771,59640,ce24da7a,0
site/CodeSystem-dgda-drug-registry.change.history.html,9649,2651,4289b0bf,0
site/CodeSystem-bd-medication-code.ttl.html,29430,4707,2fb95e7f,0
site/NamingSystem-icd11-mms-bd.md,5114,1515,230e01b5,0
site/icon-implementation.png,54384,54322,481f2565,0
site/CodeSystem-bd-geocodes-testing.html,10428,2832,16711348,0
site/ValueSet-bd-district-code-valueset.json,3667,1097,de73a751,0
site/CodeSystem-bd-marital-status.md,2624,896,5d673cca,0
site/ValueSet-bd-religions-valueset.ttl,5418,1280,bd286862,0
site/Encounter-BDEncounterExample.change.history.html,9661,2636,7e3ab640,0
site/StructureDefinition-bd-divisions.profile.history.html,10228,2786,c2829843,0
site/NamingSystem-icd11-mms-bd-testing.html,10422,2836,5b2e3c95,0
site/tbl_bck03500.png,114,112,c1716903,0
site/prism.css,8058,3149,bd9200ee,0
site/ValueSet-bd-division-code-valueset.xml.html,21189,4270,f24d3b86,0
site/ValueSet-bd-vaccine-valueset-testing.html,10464,2837,fe39e255,0
site/tbl-closed.png,7895,5446,c512efcf,0
site/CodeSystem-bd-dose-form.json,10167,1665,e790b903,0
site/tbl_bck025000.png,106,106,b509173a,0
site/tbl_bck00001100.png,105,103,39ad7b9c,0
site/Practitioner-BDPractitionerExample.ttl,4304,1051,6a55761d,0
site/StructureDefinition-bd-practitioner.profile.ttl.html,237942,17122,99178099,0
site/StructureDefinition-bd-practitioner.html,230931,22831,12462bb4,0
site/StructureDefinition-bd-name-en.xml,42897,4300,67b957e8,0
site/Medication-BDMedicationExample.ttl.html,22191,4164,59772f84,0
site/tbl_bck10100.png,109,109,4429ab49,0
site/StructureDefinition-bd-encounter.profile.history.html,10365,2816,6f18ef2b,0
index.html,173,123,36d7bfe3,0
