0,1
"Additional/Joint Secretary, (HR) & Programme Manager (HRD), Health Services Division",Chairperson
"Joint Secretary (Planning), Medical Education and Family Welfare Division",Member
"Professor (Curriculum Development & Evaluation), Centre for Medical Education",Member
"Deputy Programme Manager (HRD), Directorate General of Health Services (DGHS)",Member
"Deputy/Assistant Director (Medical Education), Directorate General of Medical Education (DGME)",Member
"Deputy Programme Manager, Directorate General of Family Planning (DGFP)",Member
"Deputy Programme Manager, Directorate General of Nursing & Midwifery (DGNM)",Member
"National Professional Officer – HRH, World Health Organization Bangladesh",Member
"Deputy Secretary (GNSP) & Deputy Programme Manager (HRD), Health Services Division","Member
Secretary"
