0,1,2,3,4,5,6,7,8,9,10,11,12,13,14,15,16,17,18,19,20,21,22,23,24,25,26,27,28,29,30,31,32,33,34,35,36
,raeY,,,esoculG,,,aerU,,,.taerC.S,,,BM-KC,,,TOGS,,,TPGS,,,sohP.klA,,,"niburili
.S",,,"saG
.B",,,".tcelE
.S",,,"eliforP
.L",,
2001-2002,,,24020,,,14750,,,6250,,,8003,,,4080,,,4020,,,3700,,,5850,,,11720,,,23825,,,5475,,,
2002-2003,,,24530,,,15100,,,6850,,,8250,,,5120,,,4800,,,4000,,,6000,,,11850,,,24050,,,5870,,,
2003-2004,,,25243,,,15720,,,7150,,,8775,,,6240,,,5300,,,4280,,,6150,,,12348,,,24836,,,6250,,,
2004-2005,,,27092,,,16790,,,8221,,,10264,,,7008,,,6500,,,4700,,,6900,,,14167,,,26508,,,6820,,,
2005-2006,,,28750,,,17920,,,9115,,,12570,,,7390,,,7060,,,5080,,,7850,,,16850,,,28520,,,7308,,,
Grand Total,,,129635,,,80280,,,37586,,,47862,,,29838,,,27680,,,21760,,,32750,,,66935,,,127739,,,31723,,,
